Period End,Islamabad,Rawalpindi,Gujranwala,Sialkot,Lahore,Faisalabad,Sargodha,Multan,Bahawalpur,Karachi,Hyderabad,Sukkur,Larkana,Peshawar,Bannu,Quetta,Khuzdar,Pakistan
Weekly,PKR ,PKR ,PKR ,PKR ,PKR ,PKR ,PKR ,PKR ,PKR ,PKR ,PKR ,PKR ,PKR ,PKR ,PKR ,PKR ,PKR ,PKR 
09-Mar-2023,267.770000,267.730000,267.800000,267.930000,267.800000,267.700000,268.020000,267.780000,268.230000,267.770000,268.870000,267.750000,268.100000,267.750000,268.950000,267.700000,267.750000,267.960000
02-Mar-2023,267.770000,267.730000,267.800000,267.930000,267.800000,267.700000,268.020000,267.780000,268.230000,267.770000,268.870000,267.750000,268.100000,267.750000,268.950000,267.700000,267.750000,267.960000
23-Feb-2023,272.750000,272.710000,272.700000,272.850000,272.710000,272.700000,272.990000,272.760000,273.130000,272.750000,273.780000,272.740000,273.100000,272.720000,272.750000,272.700000,272.740000,272.860000
16-Feb-2023,272.750000,272.710000,272.700000,272.850000,272.710000,272.700000,272.990000,272.760000,273.130000,272.750000,273.780000,272.740000,273.100000,272.720000,272.750000,272.700000,272.740000,272.860000
09-Feb-2023,250.500000,250.500000,250.600000,251.150000,250.500000,250.500000,250.740000,250.550000,250.910000,250.500000,251.600000,250.650000,250.600000,250.500000,251.750000,250.500000,250.500000,250.740000
02-Feb-2023,250.500000,250.500000,250.600000,251.150000,250.500000,250.500000,250.740000,250.550000,250.910000,250.500000,251.600000,250.650000,250.600000,250.500000,251.750000,250.500000,250.500000,250.740000
26-Jan-2023,215.510000,215.510000,215.600000,216.160000,215.510000,215.500000,215.740000,215.580000,215.920000,215.510000,216.490000,215.510000,215.800000,215.460000,216.750000,215.500000,215.510000,215.740000
19-Jan-2023,215.510000,215.510000,215.600000,216.160000,215.510000,215.500000,215.740000,215.580000,215.920000,215.510000,216.490000,215.510000,215.800000,215.460000,216.750000,215.500000,215.510000,215.740000
12-Jan-2023,215.510000,215.510000,215.600000,216.160000,215.510000,215.500000,215.740000,215.580000,215.920000,215.510000,216.490000,215.510000,215.800000,215.460000,216.750000,215.500000,215.510000,215.740000
05-Jan-2023,215.510000,215.510000,215.600000,216.160000,215.510000,215.500000,215.740000,215.580000,215.920000,215.510000,216.490000,215.510000,215.800000,215.460000,216.750000,215.500000,215.510000,215.740000
29-Dec-2022,215.510000,215.510000,215.600000,216.160000,215.510000,215.500000,215.740000,215.580000,215.920000,215.510000,216.490000,215.510000,215.800000,215.460000,216.750000,215.500000,215.510000,215.740000
22-Dec-2022,215.510000,215.510000,215.600000,216.160000,215.510000,215.500000,215.740000,215.580000,215.920000,215.510000,216.490000,215.510000,215.800000,215.460000,216.750000,215.500000,215.510000,215.740000
15-Dec-2022,225.530000,225.530000,225.600000,226.180000,225.530000,225.500000,225.760000,225.580000,225.940000,225.550000,226.740000,225.700000,225.800000,225.600000,226.750000,225.500000,225.530000,225.780000
08-Dec-2022,225.530000,225.530000,225.600000,226.180000,225.530000,225.500000,225.760000,225.580000,225.940000,225.550000,226.740000,225.700000,225.800000,225.600000,226.750000,225.500000,225.530000,225.780000
01-Dec-2022,225.530000,225.530000,225.600000,226.180000,225.530000,225.500000,225.760000,225.580000,225.940000,225.550000,226.740000,225.700000,225.800000,225.600000,226.750000,225.500000,225.530000,225.780000
24-Nov-2022,225.530000,225.530000,225.600000,226.180000,225.530000,225.500000,225.760000,225.580000,225.940000,225.550000,226.740000,225.700000,225.800000,225.600000,226.750000,225.500000,225.530000,225.780000
17-Nov-2022,225.530000,225.530000,225.600000,226.180000,225.530000,225.500000,225.760000,225.580000,225.940000,225.550000,226.740000,225.700000,225.800000,225.600000,226.750000,225.500000,225.530000,225.780000
10-Nov-2022,225.530000,225.530000,225.600000,226.180000,225.530000,225.500000,225.760000,225.580000,225.940000,225.550000,226.740000,225.700000,225.800000,225.600000,226.750000,225.500000,225.530000,225.780000
03-Nov-2022,225.530000,225.530000,225.600000,226.180000,225.530000,225.500000,225.760000,225.580000,225.940000,225.550000,226.740000,225.700000,225.800000,225.600000,226.750000,225.500000,225.530000,225.780000
27-Oct-2022,225.530000,225.530000,225.600000,226.180000,225.530000,225.500000,225.760000,225.580000,225.940000,225.550000,226.740000,225.700000,225.800000,225.600000,226.750000,225.500000,225.530000,225.780000
20-Oct-2022,225.530000,225.530000,225.600000,226.180000,225.530000,225.500000,225.760000,225.580000,225.940000,225.550000,226.740000,225.700000,225.800000,225.600000,226.750000,225.500000,225.530000,225.780000
13-Oct-2022,225.530000,225.530000,225.600000,226.180000,225.530000,225.500000,225.760000,225.580000,225.940000,225.550000,226.740000,225.700000,225.800000,225.600000,226.750000,225.500000,225.530000,225.780000
06-Oct-2022,225.530000,225.530000,225.600000,226.180000,225.530000,225.500000,225.760000,225.580000,225.940000,225.550000,226.740000,225.700000,225.800000,225.600000,226.750000,225.500000,225.530000,225.780000
29-Sep-2022,238.160000,238.140000,238.200000,238.800000,238.160000,238.100000,238.390000,238.210000,238.640000,238.160000,239.240000,238.600000,238.950000,238.160000,238.740000,237.960000,238.160000,238.400000
22-Sep-2022,238.160000,238.140000,238.200000,238.800000,238.160000,238.100000,238.390000,238.210000,238.640000,238.160000,239.240000,238.600000,238.950000,238.160000,238.740000,237.960000,238.160000,238.400000
15-Sep-2022,236.700000,236.680000,236.700000,237.360000,236.770000,236.700000,236.940000,236.750000,237.120000,236.710000,237.820000,236.700000,237,236.700000,238.740000,236.510000,236.710000,236.980000
08-Sep-2022,236.700000,236.680000,236.700000,237.360000,236.770000,236.700000,236.940000,236.750000,237.120000,236.710000,237.820000,236.700000,237,236.700000,238.740000,236.510000,236.710000,236.980000
01-Sep-2022,236.700000,236.680000,236.700000,237.360000,236.770000,236.700000,236.940000,236.750000,237.120000,236.710000,237.820000,236.700000,237,236.700000,238.740000,236.510000,236.710000,236.980000
25-Aug-2022,234.630000,234.590000,234.700000,235.270000,234.630000,234.600000,235.400000,234.610000,235.030000,234.630000,235.670000,234.700000,234.900000,234.630000,236.670000,234.440000,234.630000,234.920000
18-Aug-2022,234.630000,234.590000,234.700000,235.270000,234.630000,234.600000,235.400000,234.610000,235.030000,234.630000,235.670000,234.700000,234.900000,234.630000,236.670000,234.440000,234.630000,234.920000
11-Aug-2022,227.860000,227.850000,227.900000,228.490000,227.900000,227.800000,228.600000,227.870000,228.240000,227.870000,228.960000,227.860000,228.200000,227.860000,229.950000,227.720000,227.860000,228.160000
04-Aug-2022,227.860000,227.850000,227.900000,228.490000,227.900000,227.800000,228.600000,227.870000,228.240000,227.870000,228.960000,227.860000,228.200000,227.860000,229.950000,227.720000,227.860000,228.160000
28-Jul-2022,230.880000,230.860000,230.900000,230.900000,230.900000,230.950000,231.400000,231.010000,231.280000,230.910000,232.030000,230.880000,230.900000,230.900000,233,230.770000,230.890000,231.140000
21-Jul-2022,230.880000,230.860000,230.900000,230.900000,230.900000,230.950000,231.400000,231.010000,231.280000,230.910000,232.030000,230.880000,230.900000,230.900000,233,230.770000,230.890000,231.140000
14-Jul-2022,249.350000,249.290000,249.400000,249.820000,249.500000,249.300000,249.900000,249.380000,249.620000,249.390000,250.300000,249.380000,249.600000,249.380000,251.500000,249.270000,249.390000,249.630000
06-Jul-2022,249.350000,249.290000,249.400000,249.820000,249.500000,249.300000,249.900000,249.380000,249.620000,249.390000,250.300000,249.380000,249.600000,249.380000,251.500000,249.270000,249.390000,249.630000
30-Jun-2022,234.450000,234.420000,234.500000,235.070000,234.530000,234.400000,234.600000,234.420000,234.730000,234.460000,235.340000,234.410000,234.900000,234.400000,236.620000,234.420000,234.450000,234.710000
23-Jun-2022,234.450000,234.420000,234.500000,235.070000,234.530000,234.400000,234.600000,234.420000,234.730000,234.460000,235.340000,234.410000,234.900000,234.400000,236.620000,234.420000,234.450000,234.710000
16-Jun-2022,234.450000,234.420000,234.500000,235.070000,234.530000,234.400000,234.600000,234.420000,234.730000,234.460000,235.340000,234.410000,234.900000,234.400000,236.620000,234.420000,234.450000,234.710000
09-Jun-2022,210.380000,210.360000,210.400000,210.990000,210.300000,210.300000,210.550000,210.390000,210.720000,210.390000,211.240000,210.370000,210.600000,210.380000,212.620000,210.390000,210.380000,210.630000
02-Jun-2022,180.380000,180.360000,180.400000,180.600000,180.380000,180.300000,180.550000,180.380000,180.650000,180.390000,181.320000,180.390000,180.600000,180.380000,182.620000,180.390000,180.380000,180.620000
26-May-2022,150.350000,150.360000,150.400000,150.950000,150.600000,150.350000,150.500000,150.380000,150.630000,150.360000,151.190000,150.350000,150.600000,150.350000,152.620000,150.390000,150.360000,150.630000
19-May-2022,150.350000,150.360000,150.400000,150.950000,150.600000,150.350000,150.500000,150.380000,150.630000,150.360000,151.190000,150.350000,150.600000,150.350000,152.620000,150.390000,150.360000,150.630000
12-May-2022,150.350000,150.360000,150.400000,150.950000,150.600000,150.350000,150.500000,150.380000,150.630000,150.360000,151.190000,150.350000,150.600000,150.350000,152.620000,150.390000,150.360000,150.630000
28-Apr-2022,150.350000,150.360000,150.400000,150.950000,150.600000,150.350000,150.500000,150.380000,150.630000,150.360000,151.190000,150.350000,150.600000,150.350000,152.620000,150.390000,150.360000,150.630000
21-Apr-2022,150.350000,150.360000,150.400000,150.950000,150.600000,150.350000,150.500000,150.380000,150.630000,150.360000,151.190000,150.350000,150.600000,150.350000,152.620000,150.390000,150.360000,150.630000
14-Apr-2022,150.350000,150.360000,150.400000,150.950000,150.600000,150.350000,150.500000,150.380000,150.630000,150.360000,151.190000,150.350000,150.600000,150.350000,152.620000,150.390000,150.360000,150.630000
07-Apr-2022,150.350000,150.360000,150.400000,150.950000,150.600000,150.350000,150.500000,150.380000,150.630000,150.360000,151.190000,150.350000,150.600000,150.350000,152.620000,150.390000,150.360000,150.630000
31-Mar-2022,150.350000,150.360000,150.400000,150.950000,150.600000,150.350000,150.500000,150.380000,150.630000,150.360000,151.190000,150.350000,150.600000,150.350000,152.620000,150.390000,150.360000,150.630000
24-Mar-2022,150.350000,150.360000,150.400000,150.950000,150.600000,150.350000,150.500000,150.380000,150.630000,150.360000,151.190000,150.350000,150.600000,150.350000,152.620000,150.390000,150.360000,150.630000
17-Mar-2022,150.350000,150.360000,150.400000,150.950000,150.600000,150.350000,150.500000,150.380000,150.630000,150.360000,151.190000,150.350000,150.600000,150.350000,152.620000,150.390000,150.360000,150.630000
10-Mar-2022,150.350000,150.360000,150.400000,150.950000,150.600000,150.350000,150.500000,150.380000,150.630000,150.360000,151.190000,150.350000,150.600000,150.350000,152.620000,150.390000,150.360000,150.630000
03-Mar-2022,150.350000,150.360000,150.400000,150.950000,150.600000,150.350000,150.500000,150.380000,150.630000,150.360000,151.190000,150.350000,150.600000,150.350000,152.620000,150.390000,150.360000,150.630000
24-Feb-2022,160.340000,160.340000,160.400000,160.940000,160.600000,160.380000,160.500000,160.380000,160.620000,160.350000,161.090000,160.350000,160.800000,160.340000,162.620000,160.390000,160.340000,160.630000
17-Feb-2022,160.340000,160.340000,160.400000,160.940000,160.600000,160.380000,160.500000,160.380000,160.620000,160.350000,161.090000,160.350000,160.800000,160.340000,162.620000,160.390000,160.340000,160.630000
10-Feb-2022,148.310000,148.310000,148.310000,148.910000,148.300000,148.300000,148.470000,148.360000,148.590000,148.320000,149.070000,148.320000,148.500000,148.310000,150.590000,148.360000,148.310000,148.570000
03-Feb-2022,148.310000,148.310000,148.310000,148.910000,148.300000,148.300000,148.470000,148.360000,148.590000,148.320000,149.070000,148.320000,148.500000,148.310000,150.590000,148.360000,148.310000,148.570000
27-Jan-2022,148.310000,148.310000,148.310000,148.910000,148.300000,148.300000,148.470000,148.360000,148.590000,148.320000,149.070000,148.320000,148.500000,148.310000,150.590000,148.360000,148.310000,148.570000
20-Jan-2022,148.310000,148.310000,148.310000,148.910000,148.300000,148.300000,148.470000,148.360000,148.590000,148.320000,149.070000,148.320000,148.500000,148.310000,150.590000,148.360000,148.310000,148.570000
13-Jan-2022,145.300000,145.320000,145.300000,145.910000,145.300000,145.330000,145.460000,145.360000,145.560000,145.310000,146.100000,145.320000,145.500000,145.300000,147.560000,145.350000,145.310000,145.560000
06-Jan-2022,145.300000,145.320000,145.300000,145.910000,145.300000,145.330000,145.460000,145.360000,145.560000,145.310000,146.100000,145.320000,145.500000,145.300000,147.560000,145.350000,145.310000,145.560000
30-Dec-2021,141.320000,141.310000,141.300000,141.930000,141.320000,141.300000,141.480000,141.360000,141.590000,141.330000,142.260000,141.310000,141.500000,141.310000,143.590000,141.350000,144.460000,141.760000
23-Dec-2021,141.320000,141.310000,141.300000,141.930000,141.320000,141.300000,141.480000,141.360000,141.590000,141.330000,142.260000,141.310000,141.500000,141.310000,143.590000,141.350000,144.460000,141.760000
16-Dec-2021,141.320000,141.310000,141.300000,141.930000,141.320000,141.300000,141.480000,141.360000,141.590000,141.330000,142.260000,141.310000,141.500000,141.310000,143.590000,141.350000,144.460000,141.760000
09-Dec-2021,146.290000,146.330000,146.300000,146.920000,146.290000,146.300000,146.500000,146.340000,146.910000,146.300000,147,146.320000,146.500000,146.290000,148.590000,146.350000,149.240000,146.750000
02-Dec-2021,146.290000,146.330000,146.300000,146.920000,146.290000,146.300000,146.500000,146.340000,146.910000,146.300000,147,146.320000,146.500000,146.290000,148.590000,146.350000,149.240000,146.750000
25-Nov-2021,146.290000,146.330000,146.300000,146.920000,146.290000,146.300000,146.500000,146.340000,146.910000,146.300000,147,146.320000,146.500000,146.290000,148.590000,146.350000,149.240000,146.750000
18-Nov-2021,146.290000,146.330000,146.300000,146.920000,146.290000,146.300000,146.500000,146.340000,146.910000,146.300000,147,146.320000,146.500000,146.290000,148.590000,146.350000,149.240000,146.750000
11-Nov-2021,146.290000,146.330000,146.300000,146.920000,146.290000,146.300000,146.500000,146.340000,146.910000,146.300000,147,146.320000,146.500000,146.290000,148.590000,146.350000,149.240000,146.750000
04-Nov-2021,138.280000,138.290000,138.300000,138.870000,138.270000,138.300000,138.500000,138.300000,138.870000,138.280000,138.990000,138.270000,138.500000,138.270000,140.560000,138.320000,141.280000,138.730000
28-Oct-2021,138.280000,138.290000,138.300000,138.870000,138.270000,138.300000,138.500000,138.300000,138.870000,138.280000,138.990000,138.270000,138.500000,138.270000,140.560000,138.320000,141.280000,138.730000
21-Oct-2021,138.280000,138.290000,138.300000,138.870000,138.270000,138.300000,138.500000,138.300000,138.870000,138.280000,138.990000,138.270000,138.500000,138.270000,140.560000,138.320000,141.280000,138.730000
14-Oct-2021,127.780000,127.800000,127.800000,128.390000,127.700000,127.800000,127.930000,127.840000,128.380000,127.790000,128.490000,127.780000,128,127.780000,130.100000,127.830000,130.770000,128.230000
07-Oct-2021,127.780000,127.800000,127.800000,128.390000,127.700000,127.800000,127.930000,127.840000,128.380000,127.790000,128.490000,127.780000,128,127.780000,130.100000,127.830000,130.770000,128.230000
30-Sep-2021,123.790000,123.810000,123.800000,124.390000,123.800000,123.760000,123.950000,123.880000,124.370000,123.790000,124.630000,123.800000,124,123.790000,126.070000,123.830000,126.860000,124.250000
23-Sep-2021,123.790000,123.810000,123.800000,124.390000,123.800000,123.760000,123.950000,123.880000,124.370000,123.790000,124.630000,123.800000,124,123.790000,126.070000,123.830000,126.860000,124.250000
16-Sep-2021,123.790000,123.810000,123.800000,124.390000,123.800000,123.760000,123.950000,123.880000,124.370000,123.790000,124.630000,123.800000,124,123.790000,126.070000,123.830000,126.860000,124.250000
09-Sep-2021,118.790000,118.810000,118.800000,119.230000,118.800000,118.800000,118.950000,118.830000,119.430000,118.800000,119.730000,118.800000,119,118.790000,121.070000,118.830000,121.860000,119.250000
02-Sep-2021,118.790000,118.810000,118.800000,119.230000,118.800000,118.800000,118.950000,118.830000,119.430000,118.800000,119.730000,118.800000,119,118.790000,121.070000,118.830000,121.860000,119.250000
26-Aug-2021,120.290000,120.310000,120.300000,120.890000,120.290000,120.300000,120.450000,120.420000,120.910000,120.300000,121.240000,120.290000,120.500000,120.290000,122.570000,120.330000,123.350000,120.760000
12-Aug-2021,120.290000,120.310000,120.300000,120.890000,120.290000,120.300000,120.450000,120.420000,120.910000,120.300000,121.240000,120.290000,120.500000,120.290000,122.570000,120.330000,123.350000,120.760000
05-Aug-2021,120.290000,120.310000,120.300000,120.890000,120.290000,120.300000,120.450000,120.420000,120.910000,120.300000,121.240000,120.290000,120.500000,120.290000,122.570000,120.330000,123.350000,120.760000
02-Aug-2021,118.790000,118.810000,118.800000,119.230000,118.800000,118.800000,118.950000,118.830000,119.430000,118.800000,119.730000,118.800000,119,118.790000,121.070000,118.830000,121.860000,119.250000
29-Jul-2021,118.580000,118.600000,118.600000,119.180000,118.500000,118.600000,118.740000,118.660000,119.210000,118.590000,119.330000,118.620000,118.800000,118.600000,120.900000,118.620000,121.690000,119.050000
15-Jul-2021,113.200000,113.210000,113.200000,113.810000,113.200000,113.200000,113.370000,113.260000,113.900000,113.210000,113.970000,113.200000,113.400000,113.200000,115.500000,113.220000,116.400000,113.670000
08-Jul-2021,113.200000,113.210000,113.200000,113.810000,113.200000,113.200000,113.370000,113.260000,113.900000,113.210000,113.970000,113.200000,113.400000,113.200000,115.500000,113.220000,116.400000,113.670000
01-Jul-2021,113.200000,113.210000,113.200000,113.810000,113.200000,113.200000,113.370000,113.260000,113.900000,113.210000,113.970000,113.200000,113.400000,113.200000,115.500000,113.220000,116.400000,113.670000
24-Jun-2021,111.200000,111.220000,111.200000,111.810000,111.330000,111.220000,111.370000,111.240000,111.810000,111.220000,112.050000,111.200000,111.400000,111.200000,113.500000,111.220000,114.400000,111.680000
17-Jun-2021,111.200000,111.220000,111.200000,111.810000,111.330000,111.220000,111.370000,111.240000,111.810000,111.220000,112.050000,111.200000,111.400000,111.200000,113.500000,111.220000,114.400000,111.680000
10-Jun-2021,109.080000,109.100000,109.100000,109.690000,109.100000,109.090000,109.240000,109.120000,109.900000,109.090000,109.890000,109.800000,109.300000,109.080000,111.400000,109.090000,112.300000,109.610000
03-Jun-2021,109.080000,109.100000,109.100000,109.690000,109.100000,109.090000,109.240000,109.120000,109.900000,109.090000,109.890000,109.800000,109.300000,109.080000,111.400000,109.090000,112.300000,109.610000
27-May-2021,109.080000,109.100000,109.100000,109.690000,109.100000,109.090000,109.240000,109.120000,109.900000,109.090000,109.890000,109.800000,109.300000,109.080000,111.400000,109.090000,112.300000,109.610000
20-May-2021,109.080000,109.100000,109.100000,109.690000,109.100000,109.090000,109.240000,109.120000,109.900000,109.090000,109.890000,109.800000,109.300000,109.080000,111.400000,109.090000,112.300000,109.610000
06-May-2021,109.080000,109.100000,109.100000,109.690000,109.100000,109.090000,109.240000,109.120000,109.900000,109.090000,109.890000,109.800000,109.300000,109.080000,111.400000,109.090000,112.300000,109.610000
29-Apr-2021,109.080000,109.100000,109.100000,109.690000,109.100000,109.090000,109.240000,109.120000,109.900000,109.090000,109.890000,109.800000,109.300000,109.080000,111.400000,109.090000,112.300000,109.610000
22-Apr-2021,109.080000,109.100000,109.100000,109.690000,109.100000,109.090000,109.240000,109.120000,109.900000,109.090000,109.890000,109.800000,109.300000,109.080000,111.400000,109.090000,112.300000,109.610000
15-Apr-2021,110.870000,110.890000,110.900000,111.480000,110.800000,110.800000,111.400000,110.880000,111.730000,110.880000,111.720000,110.870000,111.100000,110.870000,113.130000,110.880000,114.120000,111.370000
08-Apr-2021,110.870000,110.890000,110.900000,111.480000,110.800000,110.800000,111.400000,110.880000,111.730000,110.880000,111.720000,110.870000,111.100000,110.870000,113.130000,110.880000,114.120000,111.370000
01-Apr-2021,110.870000,110.890000,110.900000,111.480000,110.800000,110.800000,111.400000,110.880000,111.730000,110.880000,111.720000,110.870000,111.100000,110.870000,113.130000,110.880000,114.120000,111.370000
25-Mar-2021,112.420000,112.430000,112.400000,113.020000,112.420000,112.400000,112.600000,112.400000,113.260000,112.430000,113.340000,112.400000,112.700000,112.410000,114.700000,112.430000,115.610000,112.900000
18-Mar-2021,112.420000,112.430000,112.400000,113.020000,112.420000,112.400000,112.600000,112.400000,113.260000,112.430000,113.340000,112.400000,112.700000,112.410000,114.700000,112.430000,115.610000,112.900000
11-Mar-2021,112.420000,112.430000,112.400000,113.020000,112.420000,112.400000,112.600000,112.400000,113.260000,112.430000,113.340000,112.400000,112.700000,112.410000,114.700000,112.430000,115.610000,112.900000
04-Mar-2021,112.420000,112.430000,112.400000,113.020000,112.420000,112.400000,112.600000,112.400000,113.260000,112.430000,113.340000,112.400000,112.700000,112.410000,114.700000,112.430000,115.610000,112.900000
25-Feb-2021,112.420000,112.430000,112.400000,113.020000,112.420000,112.400000,112.600000,112.400000,113.260000,112.430000,113.340000,112.400000,112.700000,112.410000,114.700000,112.430000,115.610000,112.900000
18-Feb-2021,112.420000,112.430000,112.400000,113.020000,112.420000,112.400000,112.600000,112.400000,113.260000,112.430000,113.340000,112.400000,112.700000,112.410000,114.700000,112.430000,115.610000,112.900000
11-Feb-2021,112.420000,112.430000,112.400000,113.020000,112.420000,112.400000,112.600000,112.400000,113.260000,112.430000,113.340000,112.400000,112.700000,112.410000,114.700000,112.430000,115.610000,112.900000
04-Feb-2021,112.420000,112.430000,112.400000,113.020000,112.420000,112.400000,112.600000,112.400000,113.260000,112.430000,113.340000,112.400000,112.700000,112.410000,114.700000,112.430000,115.610000,112.900000
28-Jan-2021,109.710000,109.710000,109.700000,110.320000,109.710000,109.700000,109.900000,109.700000,110.530000,109.720000,110.560000,109.700000,109.900000,109.710000,112,109.700000,112.460000,110.160000
21-Jan-2021,109.710000,109.710000,109.700000,110.320000,109.710000,109.700000,109.900000,109.700000,110.530000,109.720000,110.560000,109.700000,109.900000,109.710000,112,109.700000,112.460000,110.160000
14-Jan-2021,106.500000,106.510000,106.500000,107.110000,106.510000,106.500000,106.670000,106.550000,107.320000,106.530000,107.380000,106.500000,106.700000,106.510000,108.800000,106.510000,108.760000,106.930000
07-Jan-2021,106.500000,106.510000,106.500000,107.110000,106.510000,106.500000,106.670000,106.550000,107.320000,106.530000,107.380000,106.500000,106.700000,106.510000,108.800000,106.510000,108.760000,106.930000
31-Dec-2020,104.190000,104.200000,104.200000,104.800000,104.210000,104.200000,104.400000,104.270000,105.010000,104.210000,105.090000,104.200000,104.400000,104.190000,106.600000,104.180000,107.320000,104.680000
24-Dec-2020,104.190000,104.200000,104.200000,104.800000,104.210000,104.200000,104.400000,104.270000,105.010000,104.210000,105.090000,104.200000,104.400000,104.190000,106.600000,104.180000,107.320000,104.680000
17-Dec-2020,104.190000,104.200000,104.200000,104.800000,104.210000,104.200000,104.400000,104.270000,105.010000,104.210000,105.090000,104.200000,104.400000,104.190000,106.600000,104.180000,107.320000,104.680000
10-Dec-2020,101.190000,101.200000,101.200000,101.800000,101.190000,101.200000,101.400000,101.200000,101.890000,101.200000,102.010000,101.200000,101.400000,101.190000,103.500000,101.160000,104.320000,101.660000
03-Dec-2020,101.190000,101.200000,101.200000,101.800000,101.190000,101.200000,101.400000,101.200000,101.890000,101.200000,102.010000,101.200000,101.400000,101.190000,103.500000,101.160000,104.320000,101.660000
26-Nov-2020,101.190000,101.200000,101.200000,101.800000,101.190000,101.200000,101.400000,101.200000,101.890000,101.200000,102.010000,101.200000,101.400000,101.190000,103.500000,101.160000,104.320000,101.660000
19-Nov-2020,101.190000,101.200000,101.200000,101.800000,101.190000,101.200000,101.400000,101.200000,101.890000,101.200000,102.010000,101.200000,101.400000,101.190000,103.500000,101.160000,104.320000,101.660000
12-Nov-2020,102.900000,102.900000,102.900000,103.550000,102.900000,102.900000,103.100000,102.900000,104.010000,102.910000,103.690000,102.900000,103.100000,102.900000,105.200000,102.870000,106.030000,103.390000
05-Nov-2020,102.900000,102.900000,102.900000,103.550000,102.900000,102.900000,103.100000,102.900000,104.010000,102.910000,103.690000,102.900000,103.100000,102.900000,105.200000,102.870000,106.030000,103.390000
29-Oct-2020,104.470000,104.470000,104.500000,105.200000,104.470000,104.400000,104.600000,104.450000,105.400000,104.470000,105.270000,104.500000,104.700000,104.470000,106.800000,104.440000,107,104.920000
22-Oct-2020,104.470000,104.470000,104.500000,105.200000,104.470000,104.400000,104.600000,104.450000,105.400000,104.470000,105.270000,104.500000,104.700000,104.470000,106.800000,104.440000,107,104.920000
15-Oct-2020,104.470000,104.470000,104.500000,105.200000,104.470000,104.400000,104.600000,104.450000,105.400000,104.470000,105.270000,104.500000,104.700000,104.470000,106.800000,104.440000,107,104.920000
08-Oct-2020,104.470000,104.470000,104.500000,105.200000,104.470000,104.400000,104.600000,104.450000,105.400000,104.470000,105.270000,104.500000,104.700000,104.470000,106.800000,104.440000,107,104.920000
01-Oct-2020,104.470000,104.470000,104.500000,105.200000,104.470000,104.400000,104.600000,104.450000,105.400000,104.470000,105.270000,104.500000,104.700000,104.470000,106.800000,104.440000,107,104.920000
24-Sep-2020,104.470000,104.470000,104.500000,105.200000,104.470000,104.400000,104.600000,104.450000,105.400000,104.470000,105.270000,104.500000,104.700000,104.470000,106.800000,104.440000,107,104.920000
17-Sep-2020,104.470000,104.470000,104.500000,105.200000,104.470000,104.400000,104.600000,104.450000,105.400000,104.470000,105.270000,104.500000,104.700000,104.470000,106.800000,104.440000,107,104.920000
10-Sep-2020,104.470000,104.470000,104.500000,105.200000,104.470000,104.400000,104.600000,104.450000,105.400000,104.470000,105.270000,104.500000,104.700000,104.470000,106.800000,104.440000,107,104.920000
03-Sep-2020,104.470000,104.470000,104.500000,105.200000,104.470000,104.400000,104.600000,104.450000,105.400000,104.470000,105.270000,104.500000,104.700000,104.470000,106.800000,104.440000,107,104.920000
27-Aug-2020,104.470000,104.470000,104.500000,105.200000,104.470000,104.400000,104.600000,104.450000,105.400000,104.470000,105.270000,104.500000,104.700000,104.470000,106.800000,104.440000,107,104.920000
20-Aug-2020,104.470000,104.470000,104.500000,105.200000,104.470000,104.400000,104.600000,104.450000,105.400000,104.470000,105.270000,104.500000,104.700000,104.470000,106.800000,104.440000,107,104.920000
13-Aug-2020,104.470000,104.470000,104.500000,105.200000,104.470000,104.400000,104.600000,104.450000,105.400000,104.470000,105.270000,104.500000,104.700000,104.470000,106.800000,104.440000,107,104.920000
06-Aug-2020,104.470000,104.470000,104.500000,105.200000,104.470000,104.400000,104.600000,104.450000,105.400000,104.470000,105.270000,104.500000,104.700000,104.470000,106.800000,104.440000,107,104.920000
29-Jul-2020,100.530000,100.520000,100.600000,101.350000,100.530000,100.500000,100.600000,100.550000,101.230000,100.530000,101.190000,100.500000,100.700000,100.530000,102.600000,100.580000,103.140000,100.950000
23-Jul-2020,100.530000,100.520000,100.600000,101.350000,100.530000,100.500000,100.600000,100.550000,101.230000,100.530000,101.190000,100.500000,100.700000,100.530000,102.600000,100.580000,103.140000,100.950000
16-Jul-2020,100.530000,100.520000,100.600000,101.350000,100.530000,100.500000,100.600000,100.550000,101.230000,100.530000,101.190000,100.500000,100.700000,100.530000,102.600000,100.580000,103.140000,100.950000
09-Jul-2020,100.530000,100.520000,100.600000,101.350000,100.530000,100.500000,100.600000,100.550000,101.230000,100.530000,101.190000,100.500000,100.700000,100.530000,102.600000,100.580000,103.140000,100.950000
02-Jul-2020,100.530000,100.520000,100.600000,101.350000,100.530000,100.500000,100.600000,100.550000,101.230000,100.530000,101.190000,100.500000,100.700000,100.530000,102.600000,100.580000,103.140000,100.950000
25-Jun-2020,74.940000,74.950000,75,75.600000,74.330000,74.900000,75.070000,75.080000,75.900000,74.940000,75.650000,74.940000,75.100000,74.940000,77.200000,75,77.550000,75.350000
18-Jun-2020,74.940000,74.950000,75,75.600000,74.330000,74.900000,75.070000,75.080000,75.900000,74.940000,75.650000,74.940000,75.100000,74.940000,77.200000,75,77.550000,75.350000
11-Jun-2020,74.940000,74.950000,75,75.600000,74.330000,74.900000,75.070000,75.080000,75.900000,75.560000,75.650000,74.940000,75.100000,74.940000,77.200000,75,77.550000,75.390000
04-Jun-2020,74.940000,74.950000,75,75.600000,74.330000,74.900000,75.070000,75.080000,75.900000,75.560000,75.650000,74.940000,75.100000,74.940000,77.200000,75,77.550000,75.390000
28-May-2020,82.040000,82.050000,82.100000,82.140000,81.930000,82.220000,82.200000,82.090000,82.230000,82.050000,82.840000,82.100000,82.300000,82.040000,84.300000,82.060000,84.920000,82.440000
21-May-2020,82.040000,82.050000,82.100000,82.140000,81.930000,82.220000,82.200000,82.090000,82.230000,82.050000,82.840000,82.100000,82.300000,82.040000,84.300000,82.060000,84.920000,82.440000
14-May-2020,82.040000,82.050000,82.100000,82.140000,81.930000,82.220000,82.200000,82.090000,82.230000,82.050000,82.840000,82.100000,82.300000,82.040000,84.300000,82.060000,84.920000,82.440000
07-May-2020,82.040000,82.050000,82.100000,82.140000,81.930000,82.220000,82.200000,82.090000,82.230000,82.050000,82.840000,82.100000,82.300000,82.040000,84.300000,82.060000,84.920000,82.440000
30-Apr-2020,97.080000,97.100000,97.100000,98.250000,96.930000,97.100000,97.200000,97.100000,98.030000,97.090000,98.050000,97.700000,97.300000,97.070000,99.300000,97.060000,100.160000,97.620000
23-Apr-2020,97.080000,97.100000,97.100000,98.250000,96.930000,97.100000,97.200000,97.100000,98.030000,97.090000,98.050000,97.700000,97.300000,97.070000,99.300000,97.060000,100.160000,97.620000
16-Apr-2020,97.080000,97.100000,97.100000,98.250000,96.930000,97.100000,97.200000,97.100000,98.030000,97.090000,98.050000,97.700000,97.300000,97.070000,99.300000,97.060000,100.160000,97.620000
09-Apr-2020,97.080000,97.100000,97.100000,98.250000,96.930000,97.100000,97.200000,97.100000,98.030000,97.090000,98.050000,97.700000,97.300000,97.070000,99.300000,97.060000,100.160000,97.620000
02-Apr-2020,97.080000,97.100000,97.100000,98.250000,96.930000,97.100000,97.200000,97.100000,98.030000,97.090000,98.050000,97.700000,97.300000,97.070000,99.300000,97.060000,100.160000,97.620000
26-Mar-2020,97.080000,97.100000,97.100000,98.250000,96.930000,97.100000,97.200000,97.100000,98.030000,97.090000,98.050000,97.700000,97.300000,97.070000,99.300000,97.060000,100.160000,97.620000
19-Mar-2020,112.090000,112.100000,112.100000,113.250000,111.930000,112.100000,112.200000,112.100000,113.070000,112.100000,112.890000,112.500000,112.300000,112.100000,114.300000,112.070000,115.170000,112.610000
12-Mar-2020,112.090000,112.100000,112.100000,113.250000,111.930000,112.100000,112.200000,112.100000,113.070000,112.100000,112.890000,112.500000,112.300000,112.100000,114.300000,112.070000,115.170000,112.610000
27-Feb-2020,117.150000,117.100000,117.100000,118.250000,116.930000,117.100000,117.200000,117.150000,118.100000,117.110000,117.890000,117.100000,117.300000,117.090000,119.300000,117.070000,120.150000,117.590000
20-Feb-2020,117.150000,117.100000,117.100000,118.250000,116.930000,117.100000,117.200000,117.150000,118.100000,117.110000,117.890000,117.100000,117.300000,117.090000,119.300000,117.070000,120.150000,117.590000
13-Feb-2020,117.150000,117.100000,117.100000,118.250000,116.930000,117.100000,117.200000,117.150000,118.100000,117.110000,117.890000,117.100000,117.300000,117.090000,119.300000,117.070000,120.150000,117.590000
06-Feb-2020,117.150000,117.100000,117.100000,118.250000,116.930000,117.100000,117.200000,117.150000,118.100000,117.110000,117.890000,117.100000,117.300000,117.090000,119.300000,117.070000,120.150000,117.590000
30-Jan-2020,117.150000,117.100000,117.100000,118.250000,116.930000,117.100000,117.200000,117.150000,118.100000,117.110000,117.890000,117.100000,117.300000,117.090000,119.300000,117.070000,120.150000,117.590000
23-Jan-2020,117.150000,117.100000,117.100000,118.250000,116.930000,117.100000,117.200000,117.150000,118.100000,117.110000,117.890000,117.100000,117.300000,117.090000,119.300000,117.070000,120.150000,117.590000
16-Jan-2020,117.150000,117.100000,117.100000,118.250000,116.930000,117.100000,117.200000,117.150000,118.100000,117.110000,117.890000,117.100000,117.300000,117.090000,119.300000,117.070000,120.150000,117.590000
09-Jan-2020,117.150000,117.100000,117.100000,118.250000,116.930000,117.100000,117.200000,117.150000,118.100000,117.110000,117.890000,117.100000,117.300000,117.090000,119.300000,117.070000,120.150000,117.590000
02-Jan-2020,117.150000,117.100000,117.100000,118.250000,116.930000,117.100000,117.200000,117.150000,118.100000,117.110000,117.890000,117.100000,117.300000,117.090000,119.300000,117.070000,120.150000,117.590000
26-Dec-2019,114.480000,114.510000,114.500000,115.650000,114.320000,114.500000,114.600000,114.540000,115.330000,114.500000,115.280000,114.490000,114.700000,114.480000,116.700000,114.460000,117.570000,114.970000
19-Dec-2019,114.480000,114.510000,114.500000,115.650000,114.320000,114.500000,114.600000,114.540000,115.330000,114.500000,115.280000,114.490000,114.700000,114.480000,116.700000,114.460000,117.570000,114.970000
12-Dec-2019,114.480000,114.510000,114.500000,115.650000,114.320000,114.500000,114.600000,114.540000,115.330000,114.500000,115.280000,114.490000,114.700000,114.480000,116.700000,114.460000,117.570000,114.970000
05-Dec-2019,114.480000,114.510000,114.500000,115.650000,114.320000,114.500000,114.600000,114.540000,115.330000,114.500000,115.280000,114.490000,114.700000,114.480000,116.700000,114.460000,117.570000,114.970000
28-Nov-2019,114.730000,114.710000,114.130000,115.900000,114.570000,114.700000,114.900000,114.740000,115.730000,114.740000,115.720000,114.740000,115,114.700000,116.900000,114.710000,117.820000,115.200000
21-Nov-2019,114.730000,114.710000,114.130000,115.900000,114.570000,114.700000,114.900000,114.740000,115.730000,114.740000,115.720000,114.740000,115,114.700000,116.900000,114.710000,117.820000,115.200000
14-Nov-2019,114.730000,114.710000,114.130000,115.900000,114.570000,114.700000,114.900000,114.740000,115.730000,114.740000,115.720000,114.740000,115,114.700000,116.900000,114.710000,117.820000,115.200000
07-Nov-2019,114.730000,114.710000,114.130000,115.900000,114.570000,114.700000,114.900000,114.740000,115.730000,114.740000,115.720000,114.740000,115,114.700000,116.900000,114.710000,117.820000,115.200000
31-Oct-2019,113.730000,113.710000,113.800000,113.850000,113.570000,113.600000,113.900000,113.720000,114.740000,113.760000,114.730000,113.740000,114,113.700000,116,113.710000,116.880000,114.180000
24-Oct-2019,113.730000,113.710000,113.800000,113.850000,113.570000,113.600000,113.900000,113.720000,114.740000,113.760000,114.730000,113.740000,114,113.700000,116,113.710000,116.880000,114.180000
17-Oct-2019,113.730000,113.710000,113.800000,113.850000,113.570000,113.600000,113.900000,113.720000,114.740000,113.760000,114.730000,113.740000,114,113.700000,116,113.710000,116.880000,114.180000
10-Oct-2019,113.730000,113.710000,113.800000,113.850000,113.570000,113.600000,113.900000,113.720000,114.740000,113.760000,114.730000,113.740000,114,113.700000,116,113.710000,116.880000,114.180000
03-Oct-2019,113.730000,113.710000,113.800000,113.850000,113.570000,113.600000,113.900000,113.720000,114.740000,113.760000,114.730000,113.740000,114,113.700000,116,113.710000,116.880000,114.180000
26-Sep-2019,113.730000,113.710000,113.800000,113.850000,113.570000,113.600000,113.900000,113.720000,114.740000,113.760000,114.730000,113.740000,114,113.700000,116,113.710000,116.880000,114.180000
19-Sep-2019,113.730000,113.710000,113.800000,113.850000,113.570000,113.600000,113.900000,113.720000,114.740000,113.760000,114.730000,113.740000,114,113.700000,116,113.710000,116.880000,114.180000
12-Sep-2019,113.730000,113.710000,113.800000,113.850000,113.570000,113.600000,113.900000,113.720000,114.740000,113.760000,114.730000,113.740000,114,113.700000,116,113.710000,116.880000,114.180000
05-Sep-2019,113.730000,113.710000,113.800000,113.850000,113.570000,113.600000,113.900000,113.720000,114.740000,113.760000,114.730000,79.970000,114,113.700000,116,113.710000,116.880000,111.840000
29-Aug-2019,118.320000,118.320000,118.400000,119.950000,118.160000,118.400000,118.400000,118.540000,119.200000,118.330000,119.310000,118.330000,119.100000,118.350000,120.600000,118.300000,121.400000,118.910000
22-Aug-2019,118.320000,118.320000,118.400000,119.950000,118.160000,118.400000,118.400000,118.540000,119.200000,118.330000,119.310000,118.330000,119.100000,118.350000,120.600000,118.300000,121.400000,118.910000
16-Aug-2019,118.320000,118.320000,118.400000,119.950000,118.160000,118.400000,118.400000,118.540000,119.200000,118.330000,119.310000,118.330000,119.100000,118.350000,120.600000,118.300000,121.400000,118.910000
08-Aug-2019,118.320000,118.320000,118.400000,119.950000,118.160000,118.400000,118.400000,118.540000,119.200000,118.330000,119.310000,118.330000,119.100000,118.350000,120.600000,118.300000,121.400000,118.910000
01-Aug-2019,118.320000,118.320000,118.400000,119.950000,118.160000,118.400000,118.400000,118.540000,119.200000,118.330000,119.310000,118.330000,119.100000,118.350000,120.600000,118.300000,121.400000,118.910000
25-Jul-2019,113.180000,113.180000,113.200000,114.800000,113.010000,113.280000,113.200000,113.420000,114.100000,113.160000,114.120000,113.150000,113.300000,113.200000,115.400000,113.100000,116.800000,113.740000
11-Jul-2019,113.180000,113.180000,113.200000,114.800000,113.010000,113.280000,113.200000,113.420000,114.100000,113.160000,114.120000,113.150000,113.300000,113.200000,115.400000,113.100000,116.800000,113.740000
04-Jul-2019,113.180000,113.180000,113.200000,114.800000,113.010000,113.280000,113.200000,113.420000,114.100000,113.160000,114.120000,113.150000,113.300000,113.200000,115.400000,113.100000,116.800000,113.740000
20-Jun-2019,113.180000,113.180000,113.200000,114.800000,113.010000,113.280000,113.200000,113.420000,114.100000,113.160000,114.120000,113.150000,113.300000,113.200000,115.400000,113.100000,116.800000,113.740000
13-Jun-2019,113.180000,113.180000,113.200000,114.800000,113.010000,113.280000,113.200000,113.420000,114.100000,113.160000,114.120000,113.150000,113.300000,113.200000,115.400000,113.100000,116.800000,113.740000
30-May-2019,108.900000,108.870000,108.900000,110.500000,108.750000,108.870000,109.300000,108.920000,109.800000,108.880000,109.900000,108.900000,109.100000,108.900000,111.200000,108.610000,108.610000,109.230000
23-May-2019,108.900000,108.870000,108.900000,110.500000,108.750000,108.870000,109.300000,108.920000,109.800000,108.880000,109.900000,108.900000,109.100000,108.900000,111.200000,108.610000,108.610000,109.230000
16-May-2019,108.900000,108.870000,108.900000,110.500000,108.750000,108.870000,109.300000,108.920000,109.800000,108.880000,109.900000,108.900000,109.100000,108.900000,111.200000,108.610000,108.610000,109.230000
09-May-2019,108.900000,108.870000,108.900000,110.500000,108.750000,108.870000,109.300000,108.920000,109.800000,108.880000,109.900000,108.900000,109.100000,108.900000,111.200000,108.610000,108.610000,109.230000
02-May-2019,99.360000,99.360000,99.400000,100.900000,99.400000,99.350000,99.510000,99.720000,99.570000,99.360000,100.360000,99.360000,99.600000,99.360000,101.600000,99.190000,102.280000,99.860000
25-Apr-2019,99.360000,99.360000,99.400000,100.900000,99.400000,99.350000,99.510000,99.720000,99.570000,99.360000,100.360000,99.360000,99.600000,99.360000,101.600000,99.190000,102.280000,99.860000
18-Apr-2019,99.360000,99.360000,99.400000,100.900000,99.400000,99.350000,99.510000,99.720000,99.570000,99.360000,100.360000,99.360000,99.600000,99.360000,101.600000,99.190000,102.280000,99.860000
11-Apr-2019,99.360000,99.360000,99.400000,100.900000,99.400000,99.350000,99.510000,99.720000,99.570000,99.360000,100.360000,99.360000,99.600000,99.360000,101.600000,99.190000,102.280000,99.860000
04-Apr-2019,99.360000,99.360000,99.400000,100.900000,99.400000,99.350000,99.510000,99.720000,99.570000,99.360000,100.360000,99.360000,99.600000,99.360000,101.600000,99.190000,102.280000,99.860000
28-Mar-2019,93.350000,93.350000,93.400000,94.900000,94.240000,93.300000,93.500000,93.950000,94.390000,93.340000,94.080000,93.350000,93.600000,93.350000,95.700000,93.190000,96.220000,93.950000
21-Mar-2019,93.350000,93.350000,93.400000,94.900000,94.240000,93.300000,93.500000,93.950000,94.390000,93.340000,94.080000,93.350000,93.600000,93.350000,95.700000,93.190000,96.220000,93.950000
14-Mar-2019,93.350000,93.350000,93.400000,94.900000,94.240000,93.300000,93.500000,93.950000,94.390000,93.340000,94.080000,93.350000,93.600000,93.350000,95.700000,93.190000,96.220000,93.950000
07-Mar-2019,93.350000,93.350000,93.400000,94.900000,94.240000,93.300000,93.500000,93.950000,94.390000,93.340000,94.080000,93.350000,93.600000,93.350000,95.700000,93.190000,96.220000,93.950000
28-Feb-2019,90.840000,90.850000,90.900000,92.500000,91.740000,90.080000,90.990000,90.850000,91.040000,90.840000,91.750000,90.840000,91.800000,90.840000,92.650000,90.690000,93.720000,91.350000
21-Feb-2019,90.840000,90.850000,90.900000,92.500000,91.740000,90.080000,90.990000,90.850000,91.040000,90.840000,91.750000,90.840000,91.800000,90.840000,92.650000,90.690000,93.720000,91.350000
14-Feb-2019,90.840000,90.850000,90.900000,92.500000,91.740000,90.080000,90.990000,90.850000,91.040000,90.840000,91.750000,90.840000,91.800000,90.840000,92.650000,90.690000,93.720000,91.350000
07-Feb-2019,90.840000,90.850000,90.900000,92.500000,91.740000,90.080000,90.990000,90.850000,91.040000,90.840000,91.750000,90.840000,91.800000,90.840000,92.650000,90.690000,93.720000,91.350000
31-Jan-2019,91.440000,91.440000,91.500000,93,92.330000,91.400000,91.600000,91.990000,91.630000,91.440000,92.170000,91.450000,92.400000,91.400000,93.850000,91.280000,94.360000,92.040000
24-Jan-2019,91.440000,91.440000,91.500000,93,92.330000,91.400000,91.600000,91.990000,91.630000,91.440000,92.170000,91.450000,92.400000,91.400000,93.850000,91.280000,94.360000,92.040000
17-Jan-2019,91.440000,91.440000,91.500000,93,92.330000,91.400000,91.600000,91.990000,91.630000,91.440000,92.170000,91.450000,92.400000,91.400000,93.850000,91.280000,94.360000,92.040000
10-Jan-2019,91.440000,91.440000,91.500000,93,92.330000,91.400000,91.600000,91.990000,91.630000,91.440000,92.170000,91.450000,92.400000,91.400000,93.850000,91.280000,94.360000,92.040000
03-Jan-2019,91.440000,91.440000,91.500000,93,92.330000,91.400000,91.600000,91.990000,91.630000,91.440000,92.170000,91.450000,92.400000,91.400000,93.850000,91.280000,94.360000,92.040000
27-Dec-2018,96.260000,96.260000,96.300000,97.900000,97.190000,96.200000,96.400000,96.800000,97.250000,96.260000,96.950000,96.260000,97.200000,96.260000,98.200000,96.140000,98.810000,96.860000
20-Dec-2018,96.260000,96.260000,96.300000,97.900000,97.190000,96.200000,96.400000,96.800000,97.250000,96.260000,96.950000,96.260000,97.200000,96.260000,98.200000,96.140000,98.810000,96.860000
13-Dec-2018,96.260000,96.260000,96.300000,97.900000,97.190000,96.200000,96.400000,96.800000,97.250000,96.260000,96.950000,96.260000,97.200000,96.260000,98.200000,96.140000,98.810000,96.860000
06-Dec-2018,96.260000,96.260000,96.300000,97.900000,97.190000,96.200000,96.400000,96.800000,97.250000,96.260000,96.950000,96.260000,97.200000,96.260000,98.200000,96.140000,98.810000,96.860000
29-Nov-2018,98.240000,98.240000,98.300000,99.900000,99.190000,98.200000,98.300000,98.800000,99.300000,98.240000,98.970000,98.270000,99.200000,98.240000,100.200000,98.140000,96.020000,98.570000
22-Nov-2018,98.240000,98.240000,98.300000,99.900000,99.190000,98.200000,98.300000,98.800000,99.300000,98.240000,98.970000,98.270000,99.200000,98.240000,100.200000,98.140000,96.020000,98.570000
15-Nov-2018,98.240000,98.240000,98.300000,99.900000,99.190000,98.200000,98.300000,98.800000,99.300000,98.240000,98.970000,98.270000,99.200000,98.240000,100.200000,98.140000,96.020000,98.570000
08-Nov-2018,98.240000,98.240000,98.300000,99.900000,99.190000,98.200000,98.300000,98.800000,99.300000,98.240000,98.970000,98.270000,99.200000,98.240000,100.200000,98.140000,96.020000,98.570000
01-Nov-2018,98.240000,98.240000,98.300000,99.900000,99.190000,98.200000,98.300000,98.800000,99.300000,98.240000,98.970000,98.270000,99.200000,98.240000,100.200000,98.140000,96.020000,98.570000
25-Oct-2018,93.270000,93.270000,93.300000,95.100000,94.190000,93.270000,93.400000,93.500000,94.200000,93.270000,93.970000,93.270000,94.300000,93.270000,95.200000,93.140000,96.020000,93.880000
18-Oct-2018,93.270000,93.270000,93.300000,95.100000,94.190000,93.270000,93.400000,93.500000,94.200000,93.270000,93.970000,93.270000,94.300000,93.270000,95.200000,93.140000,96.020000,93.880000
11-Oct-2018,93.270000,93.270000,93.300000,95.100000,94.190000,93.270000,93.400000,93.500000,94.200000,93.270000,93.970000,93.270000,94.300000,93.270000,95.200000,93.140000,96.020000,93.880000
04-Oct-2018,93.270000,93.270000,93.300000,95.100000,94.190000,93.270000,93.400000,93.500000,94.200000,93.270000,93.970000,93.270000,94.300000,93.270000,95.200000,93.140000,96.020000,93.880000
27-Sep-2018,93.270000,93.270000,93.300000,95.100000,94.190000,93.270000,93.400000,93.500000,94.200000,93.270000,93.970000,93.270000,94.300000,93.270000,95.200000,93.140000,96.020000,93.880000
18-Sep-2018,93.270000,93.270000,93.300000,95.100000,94.190000,93.270000,93.400000,93.500000,94.200000,93.270000,93.970000,93.270000,94.300000,93.270000,95.200000,93.140000,96.020000,93.880000
13-Sep-2018,93.270000,93.270000,93.300000,95.100000,94.190000,93.270000,93.400000,93.500000,94.200000,93.270000,93.970000,93.270000,94.300000,93.270000,95.200000,93.140000,96.020000,93.880000
06-Sep-2018,93.270000,93.270000,93.300000,95.100000,94.190000,93.270000,93.400000,93.500000,94.200000,93.270000,93.970000,93.270000,94.300000,93.270000,95.200000,93.140000,96.020000,93.880000
30-Aug-2018,95.680000,95.680000,95.700000,97.500000,95.600000,95.700000,96.100000,95.690000,96.550000,95.680000,96.370000,95.680000,96.600000,95.700000,97.600000,95.550000,98.420000,96.220000
16-Aug-2018,95.680000,95.680000,95.700000,97.500000,95.600000,95.700000,96.100000,95.690000,96.550000,95.680000,96.370000,95.680000,96.600000,95.700000,97.600000,95.550000,98.420000,96.220000
09-Aug-2018,95.680000,95.680000,95.700000,97.500000,95.600000,95.700000,96.100000,95.690000,96.550000,95.680000,96.370000,95.680000,96.600000,95.700000,97.600000,95.550000,98.420000,96.220000
02-Aug-2018,95.680000,95.680000,95.700000,97.500000,95.600000,95.700000,96.100000,95.690000,96.550000,95.680000,96.370000,95.680000,96.600000,95.700000,97.600000,95.550000,98.420000,96.220000
26-Jul-2018,95.680000,95.680000,95.700000,97.500000,95.600000,95.700000,96.100000,95.690000,96.550000,95.680000,96.370000,95.680000,96.600000,95.700000,97.600000,95.550000,98.420000,96.220000
19-Jul-2018,95.680000,95.680000,95.700000,97.500000,95.600000,95.700000,96.100000,95.690000,96.550000,95.680000,96.370000,95.680000,96.600000,95.700000,97.600000,95.550000,98.420000,96.220000
12-Jul-2018,95.680000,95.680000,95.700000,97.500000,95.600000,95.700000,96.100000,95.690000,96.550000,95.680000,96.370000,95.680000,96.600000,95.700000,97.600000,95.550000,98.420000,96.220000
05-Jul-2018,99.960000,99.950000,100,101.800000,99.860000,99.950000,100.200000,99.950000,100.850000,99.950000,100.700000,99.960000,100.800000,99.960000,101.900000,99.810000,100,100.330000
28-Jun-2018,92.390000,92.390000,92.400000,94.200000,92.320000,92.400000,92.520000,92.400000,93.340000,92.390000,93.060000,92.400000,92.600000,92.390000,93.360000,92.270000,95.070000,92.820000
21-Jun-2018,92.390000,92.390000,92.400000,94.200000,92.320000,92.400000,92.520000,92.400000,93.340000,92.390000,93.060000,92.400000,92.600000,92.390000,93.360000,92.270000,95.070000,92.820000
13-Jun-2018,92.390000,92.390000,92.400000,94.200000,92.320000,92.400000,92.520000,92.400000,93.340000,92.390000,93.060000,92.400000,92.600000,92.390000,93.360000,92.270000,95.070000,92.820000
07-Jun-2018,88.150000,88.140000,88.150000,89.900000,88.060000,88.180000,88.280000,88.240000,88.710000,88.140000,88.820000,88.140000,88.300000,88.140000,90.100000,88.010000,89.700000,88.540000
31-May-2018,88.150000,88.140000,88.150000,89.900000,88.060000,88.180000,88.280000,88.240000,88.710000,88.140000,88.820000,88.140000,88.300000,88.140000,90.100000,88.010000,89.700000,88.540000
24-May-2018,88.150000,88.140000,88.150000,89.900000,88.060000,88.180000,88.280000,88.240000,88.710000,88.140000,88.820000,88.140000,88.300000,88.140000,90.100000,88.010000,89.700000,88.540000
17-May-2018,88.150000,88.140000,88.150000,89.900000,88.060000,88.180000,88.280000,88.240000,88.710000,88.140000,88.820000,88.140000,88.300000,88.140000,90.100000,88.010000,89.700000,88.540000
10-May-2018,88.150000,88.140000,88.150000,89.900000,88.060000,88.180000,88.280000,88.240000,88.710000,88.140000,88.820000,88.140000,88.300000,88.140000,90.100000,88.010000,89.700000,88.540000
03-May-2018,88.150000,88.140000,88.150000,89.900000,88.060000,88.180000,88.280000,88.240000,88.710000,88.140000,88.820000,88.140000,88.300000,88.140000,90.100000,88.010000,89.700000,88.540000
26-Apr-2018,86.460000,86.450000,86.480000,88.200000,86.360000,86.400000,86.610000,86.460000,87.400000,86.460000,87.140000,86.480000,86.900000,86.460000,88.400000,86.310000,89.700000,86.980000
19-Apr-2018,86.460000,86.450000,86.480000,88.200000,86.360000,86.400000,86.610000,86.460000,87.400000,86.460000,87.140000,86.480000,86.900000,86.460000,88.400000,86.310000,89.700000,86.980000
13-Apr-2018,86.460000,86.450000,86.480000,88.200000,86.360000,86.400000,86.610000,86.460000,87.400000,86.460000,87.140000,86.480000,86.900000,86.460000,88.400000,86.310000,89.700000,86.980000
05-Apr-2018,86.460000,86.450000,86.480000,88.200000,86.360000,86.400000,86.610000,86.460000,87.400000,86.460000,87.140000,86.480000,86.900000,86.460000,88.400000,86.310000,89.700000,86.980000
29-Mar-2018,88.510000,88.500000,88.530000,90.200000,88.430000,88.510000,88.650000,88.510000,89.440000,88.510000,89.290000,88.500000,88.700000,88.510000,90.500000,88.380000,91.210000,88.990000
22-Mar-2018,88.510000,88.500000,88.530000,90.200000,88.430000,88.510000,88.650000,88.510000,89.440000,88.510000,89.290000,88.500000,88.700000,88.510000,90.500000,88.380000,91.210000,88.990000
15-Mar-2018,88.510000,88.500000,88.530000,90.200000,88.430000,88.510000,88.650000,88.510000,89.440000,88.510000,89.290000,88.500000,88.700000,88.510000,90.500000,88.380000,91.210000,88.990000
08-Mar-2018,88.510000,88.500000,88.530000,90.200000,88.430000,88.510000,88.650000,88.510000,89.440000,88.510000,89.290000,88.500000,88.700000,88.510000,90.500000,88.380000,91.210000,88.990000
01-Mar-2018,88.510000,88.500000,88.530000,90.200000,88.430000,88.510000,88.650000,88.510000,89.440000,88.510000,89.290000,88.500000,88.700000,88.510000,90.500000,88.380000,91.210000,88.990000
22-Feb-2018,84.940000,84.940000,84.960000,86.600000,84.870000,84.950000,85.080000,85.630000,85.860000,84.930000,85.630000,84.940000,85.200000,84.940000,86.700000,84.820000,87.610000,85.450000
15-Feb-2018,84.940000,84.940000,84.960000,86.600000,84.870000,84.950000,85.080000,85.630000,85.860000,84.930000,85.630000,84.940000,85.200000,84.940000,86.700000,84.820000,87.610000,85.450000
08-Feb-2018,84.940000,84.940000,84.960000,86.600000,84.870000,84.950000,85.080000,85.630000,85.860000,84.930000,85.630000,84.940000,85.200000,84.940000,86.700000,84.820000,87.610000,85.450000
01-Feb-2018,84.940000,84.940000,84.960000,86.600000,84.870000,84.950000,85.080000,85.630000,85.860000,84.930000,85.630000,84.940000,85.200000,84.940000,86.700000,84.820000,87.610000,85.450000
25-Jan-2018,81.960000,81.960000,81.970000,83.600000,81.890000,81.960000,82.090000,82.650000,83.040000,81.950000,82.650000,81.960000,82.100000,81.960000,83.700000,81.840000,83.980000,82.430000
18-Jan-2018,81.960000,81.960000,81.970000,83.600000,81.890000,81.960000,82.090000,82.650000,83.040000,81.950000,82.650000,81.960000,82.100000,81.960000,83.700000,81.840000,83.980000,82.430000
11-Jan-2018,81.960000,81.960000,81.970000,83.600000,81.890000,81.960000,82.090000,82.650000,83.040000,81.950000,82.650000,81.960000,82.100000,81.960000,83.700000,81.840000,83.980000,82.430000
04-Jan-2018,81.960000,81.960000,81.970000,83.600000,81.890000,81.960000,82.090000,82.650000,83.040000,81.950000,82.650000,81.960000,82.100000,81.960000,83.700000,81.840000,83.980000,82.430000
28-Dec-2017,77.890000,77.890000,77.910000,79.100000,77.830000,77.890000,78.030000,78.350000,78.900000,77.890000,78.250000,77.890000,78.100000,77.890000,79.900000,77.780000,79.900000,78.320000
21-Dec-2017,77.890000,77.890000,77.910000,79.100000,77.830000,77.890000,78.030000,78.350000,78.900000,77.890000,78.250000,77.890000,78.100000,77.890000,79.900000,77.780000,79.900000,78.320000
14-Dec-2017,77.890000,77.890000,77.910000,79.100000,77.830000,77.890000,78.030000,78.350000,78.900000,77.890000,78.250000,77.890000,78.100000,77.890000,79.900000,77.780000,79.900000,78.320000
07-Dec-2017,77.890000,77.890000,77.910000,79.100000,77.830000,77.890000,78.030000,78.350000,78.900000,77.890000,78.250000,77.890000,78.100000,77.890000,79.900000,77.780000,79.900000,78.320000
29-Nov-2017,76.250000,76.250000,76.380000,77.600000,76.350000,76.250000,76.480000,76.970000,77.400000,76.250000,76.770000,76.250000,76.600000,76.250000,78.400000,76.300000,78.400000,76.770000
23-Nov-2017,76.250000,76.250000,76.380000,77.600000,76.350000,76.250000,76.480000,76.970000,77.400000,76.250000,76.770000,76.250000,76.600000,76.250000,78.400000,76.300000,78.400000,76.770000
16-Nov-2017,76.250000,76.250000,76.380000,77.600000,76.350000,76.250000,76.480000,76.970000,77.400000,76.250000,76.770000,76.250000,76.600000,76.250000,78.400000,76.300000,78.400000,76.770000
09-Nov-2017,76.250000,76.250000,76.380000,77.600000,76.350000,76.250000,76.480000,76.970000,77.400000,76.250000,76.770000,76.250000,76.600000,76.250000,78.400000,76.300000,78.400000,76.770000
02-Nov-2017,76.250000,76.250000,76.380000,77.600000,76.350000,76.250000,76.480000,76.970000,77.400000,76.250000,76.770000,76.250000,76.600000,76.250000,78.400000,76.300000,78.400000,76.770000
26-Oct-2017,73.760000,73.760000,73.890000,74.900000,73.860000,73.700000,73.990000,73.980000,74.850000,73.760000,74.300000,73.770000,74.100000,73.770000,76.100000,73.800000,75.900000,74.250000
19-Oct-2017,73.760000,73.760000,73.890000,74.900000,73.860000,73.700000,73.990000,73.980000,74.850000,73.760000,74.300000,73.770000,74.100000,73.770000,76.100000,73.800000,75.900000,74.250000
12-Oct-2017,73.760000,73.760000,73.890000,74.900000,73.860000,73.700000,73.990000,73.980000,74.850000,73.760000,74.300000,73.770000,74.100000,73.770000,76.100000,73.800000,75.900000,74.250000
05-Oct-2017,73.760000,73.760000,73.890000,74.900000,73.860000,73.700000,73.990000,73.980000,74.850000,73.760000,74.300000,73.770000,74.100000,73.770000,76.100000,73.800000,75.900000,74.250000
27-Sep-2017,71.760000,71.760000,71.890000,72.900000,71.860000,71.770000,71.990000,71.980000,72.900000,71.760000,72.180000,71.700000,72.100000,71.770000,74.100000,71.800000,73.900000,72.240000
21-Sep-2017,71.760000,71.760000,71.890000,72.900000,71.860000,71.770000,71.990000,71.980000,72.900000,71.760000,72.180000,71.700000,72.100000,71.770000,74.100000,71.800000,73.900000,72.240000
14-Sep-2017,71.760000,71.760000,71.890000,72.900000,71.860000,71.770000,71.990000,71.980000,72.900000,71.760000,72.180000,71.700000,72.100000,71.770000,74.100000,71.800000,73.900000,72.240000
07-Sep-2017,71.760000,71.760000,71.890000,72.900000,71.860000,71.770000,71.990000,71.980000,72.900000,71.760000,72.180000,71.700000,72.100000,71.770000,74.100000,71.800000,73.900000,72.240000
30-Aug-2017,69.770000,69.770000,69.900000,70.900000,69.860000,69.770000,70.020000,69.980000,70.900000,69.770000,70.350000,69.770000,70.100000,69.770000,72.100000,69.880000,71.900000,70.270000
24-Aug-2017,69.770000,69.770000,69.900000,70.900000,69.860000,69.770000,70.020000,69.980000,70.900000,69.770000,70.350000,69.770000,70.100000,69.770000,72.100000,69.880000,71.900000,70.270000
17-Aug-2017,69.770000,69.770000,69.900000,70.900000,69.860000,69.770000,70.020000,69.980000,70.900000,69.770000,70.350000,69.770000,70.100000,69.770000,72.100000,69.880000,71.900000,70.270000
10-Aug-2017,69.770000,69.770000,69.900000,70.900000,69.860000,69.770000,70.020000,69.980000,70.900000,69.770000,70.350000,69.770000,70.100000,69.770000,72.100000,69.880000,71.900000,70.270000
03-Aug-2017,71.570000,71.570000,71.710000,72.700000,71.660000,71.700000,71.820000,71.600000,72.700000,71.570000,72,71.200000,72,71.570000,73.900000,71.680000,73.700000,72.040000
27-Jul-2017,71.570000,71.570000,71.710000,72.700000,71.660000,71.700000,71.820000,71.600000,72.700000,71.570000,72,71.200000,72,71.570000,73.900000,71.680000,73.700000,72.040000
20-Jul-2017,71.570000,71.570000,71.710000,72.700000,71.660000,71.700000,71.820000,71.600000,72.700000,71.570000,72,71.200000,72,71.570000,73.900000,71.680000,73.700000,72.040000
13-Jul-2017,71.570000,71.570000,71.710000,72.700000,71.660000,71.700000,71.820000,71.600000,72.700000,71.570000,72,71.200000,72,71.570000,73.900000,71.680000,73.700000,72.040000
06-Jul-2017,71.570000,71.570000,71.710000,72.700000,71.660000,71.700000,71.820000,71.600000,72.700000,71.570000,72,71.200000,72,71.570000,73.900000,71.680000,73.700000,72.040000
29-Jun-2017,72.850000,72.850000,73.160000,74.200000,73.160000,73.200000,72.820000,73.070000,73.380000,72.570000,73.130000,72.570000,73,72.570000,75.400000,73.180000,75.210000,73.310000
27-Apr-2017,74.260000,74.260000,74.360000,75.400000,74.360000,74.400000,74.500000,74.280000,75.600000,74.260000,74.800000,74.250000,75.900000,74.260000,76.600000,74.380000,76.510000,74.850000
13-Apr-2017,74.260000,74.260000,74.360000,75.400000,74.360000,74.400000,74.500000,74.280000,75.600000,74.260000,74.800000,74.250000,75.900000,74.260000,76.600000,74.380000,76.510000,74.850000
06-Apr-2017,74.260000,74.260000,74.360000,75.400000,74.360000,74.400000,74.500000,74.280000,75.600000,74.260000,74.800000,74.250000,75.900000,74.260000,76.600000,74.380000,76.510000,74.850000
30-Mar-2017,73.260000,73.260000,73.360000,74.400000,73.360000,73.400000,73.490000,73.280000,74.600000,73.250000,73.800000,73.250000,74.900000,73.260000,75.600000,73.380000,75.510000,73.840000
24-Mar-2017,73.260000,73.260000,73.360000,74.400000,73.360000,73.400000,73.490000,73.280000,74.600000,73.250000,73.800000,73.250000,74.900000,73.260000,75.600000,73.380000,75.510000,73.840000
16-Mar-2017,73.260000,73.260000,73.360000,74.400000,73.360000,73.400000,73.490000,73.280000,74.600000,73.250000,73.800000,73.250000,74.900000,73.260000,75.600000,73.380000,75.510000,73.840000
09-Mar-2017,73.260000,73.260000,73.360000,74.400000,73.360000,73.400000,73.490000,73.280000,74.600000,73.250000,73.800000,73.250000,74.900000,73.260000,75.600000,73.380000,75.510000,73.840000
02-Mar-2017,73.260000,73.260000,73.360000,74.400000,73.360000,73.400000,73.490000,73.280000,74.600000,73.250000,73.800000,73.250000,74.900000,73.260000,75.600000,73.380000,75.510000,73.840000
23-Feb-2017,71.540000,71.540000,71.650000,72.600000,71.650000,71.700000,72.140000,71.540000,72.800000,71.530000,72,71.540000,73.200000,71.540000,73.900000,71.520000,73.800000,72.130000
16-Feb-2017,71.540000,71.540000,71.650000,72.600000,71.650000,71.700000,72.140000,71.540000,72.800000,71.530000,72,71.540000,73.200000,71.540000,73.900000,71.520000,73.800000,72.130000
09-Feb-2017,70.540000,70.540000,70.650000,71.600000,70.650000,70.600000,70.780000,70.540000,71.800000,70.530000,71,70.550000,72.200000,70.540000,72.900000,70.520000,72.800000,71.100000
02-Feb-2017,70.540000,70.540000,70.650000,71.600000,70.650000,70.600000,70.780000,70.540000,71.800000,70.530000,71,70.550000,72.200000,70.540000,72.900000,70.520000,72.800000,71.100000
26-Jan-2017,68.290000,68.290000,68.400000,68.300000,68.400000,68.400000,68.680000,68.400000,69.500000,68.280000,68.500000,68.290000,69.900000,68.290000,70.700000,68.270000,70.550000,68.790000
19-Jan-2017,68.290000,68.290000,68.400000,68.300000,68.400000,68.400000,68.680000,68.400000,69.500000,68.280000,68.500000,68.290000,69.900000,68.290000,70.700000,68.270000,70.550000,68.790000
12-Jan-2017,66.510000,66.510000,66.610000,67.500000,66.630000,66.600000,66.760000,66.540000,67.150000,66.520000,66.950000,66.520000,68.100000,66.530000,68.900000,66.500000,68.780000,67.040000
05-Jan-2017,66.510000,66.510000,66.610000,67.500000,66.630000,66.600000,66.760000,66.540000,67.150000,66.520000,66.950000,66.520000,68.100000,66.530000,68.900000,66.500000,68.780000,67.040000
29-Dec-2016,66.510000,66.510000,66.610000,67.500000,66.630000,66.600000,66.760000,66.540000,67.150000,66.520000,66.950000,66.520000,68.100000,66.530000,68.900000,66.500000,68.780000,67.040000
22-Dec-2016,66.510000,66.510000,66.610000,67.500000,66.630000,66.600000,66.760000,66.540000,67.150000,66.520000,66.950000,66.520000,68.100000,66.530000,68.900000,66.500000,68.780000,67.040000
15-Dec-2016,66.510000,66.510000,66.610000,67.500000,66.630000,66.600000,66.760000,66.540000,67.150000,66.520000,66.950000,66.520000,68.100000,66.530000,68.900000,66.500000,68.780000,67.040000
08-Dec-2016,66.510000,66.510000,66.610000,67.500000,66.630000,66.600000,66.760000,66.540000,67.150000,66.520000,66.950000,66.520000,68.100000,66.530000,68.900000,66.500000,68.780000,67.040000
01-Dec-2016,66.510000,66.510000,66.610000,67.500000,66.630000,66.600000,66.760000,66.540000,67.150000,66.520000,66.950000,66.520000,68.100000,66.530000,68.900000,66.500000,68.780000,67.040000
24-Nov-2016,64.530000,64.530000,64.610000,66.250000,64.630000,64.480000,64.800000,64.990000,65.450000,64.480000,64.950000,64.480000,66.100000,64.480000,67.100000,64.500000,66.780000,65.130000
17-Nov-2016,64.530000,64.530000,64.610000,66.250000,64.630000,64.480000,64.800000,64.990000,65.450000,64.480000,64.950000,64.480000,66.100000,64.480000,67.100000,64.500000,66.780000,65.130000
10-Nov-2016,64.530000,64.530000,64.610000,66.250000,64.630000,64.480000,64.800000,64.990000,65.450000,64.480000,64.950000,64.480000,66.100000,64.480000,67.100000,64.500000,66.780000,65.130000
03-Nov-2016,64.530000,64.530000,64.610000,66.250000,64.630000,64.480000,64.800000,64.990000,65.450000,64.480000,64.950000,64.480000,66.100000,64.480000,67.100000,64.500000,66.780000,65.130000
27-Oct-2016,64.530000,64.530000,64.610000,66.250000,64.630000,64.480000,64.800000,64.990000,65.450000,64.480000,64.950000,64.480000,66.100000,64.480000,67.100000,64.500000,66.780000,65.130000
20-Oct-2016,64.530000,64.530000,64.610000,66.250000,64.630000,64.480000,64.800000,64.990000,65.450000,64.480000,64.950000,64.480000,66.100000,64.480000,67.100000,64.500000,66.780000,65.130000
13-Oct-2016,64.530000,64.530000,64.610000,66.250000,64.630000,64.480000,64.800000,64.990000,65.450000,64.480000,64.950000,64.480000,66.100000,64.480000,67.100000,64.500000,66.780000,65.130000
06-Oct-2016,64.530000,64.530000,64.610000,66.250000,64.630000,64.480000,64.800000,64.990000,65.450000,64.480000,64.950000,64.480000,66.100000,64.480000,67.100000,64.500000,66.780000,65.130000
22-Sep-2016,64.530000,64.530000,64.610000,66.250000,64.630000,64.480000,64.800000,64.990000,65.450000,64.480000,64.950000,64.480000,66.100000,64.480000,67.100000,64.500000,66.780000,65.130000
15-Sep-2016,64.530000,64.530000,64.610000,66.250000,64.630000,64.480000,64.800000,64.990000,65.450000,64.480000,64.950000,64.480000,66.100000,64.480000,67.100000,64.500000,66.780000,65.130000
08-Sep-2016,64.530000,64.530000,64.610000,66.250000,64.630000,64.480000,64.800000,64.990000,65.450000,64.480000,64.950000,64.480000,66.100000,64.480000,67.100000,64.500000,66.780000,65.130000
01-Sep-2016,64.490000,64.480000,64.610000,66.250000,64.630000,64.480000,64.800000,64.990000,65.450000,64.480000,64.950000,64.480000,66.100000,64.480000,67.100000,64.500000,66.780000,65.120000
25-Aug-2016,64.490000,64.480000,64.610000,66.250000,64.630000,64.480000,64.800000,64.990000,65.450000,64.480000,64.950000,64.480000,66.100000,64.480000,67.100000,64.500000,66.780000,65.120000
18-Aug-2016,64.490000,64.480000,64.610000,66.250000,64.630000,64.480000,64.800000,64.990000,65.450000,64.480000,64.950000,64.480000,66.100000,64.480000,67.100000,64.500000,66.780000,65.120000
11-Aug-2016,64.490000,64.480000,64.610000,66.250000,64.630000,64.480000,64.800000,64.990000,65.450000,64.480000,64.950000,64.480000,66.100000,64.480000,67.100000,64.500000,66.780000,65.120000
04-Aug-2016,64.490000,64.480000,64.610000,66.250000,64.630000,64.480000,64.800000,64.990000,65.450000,64.480000,64.950000,64.480000,66.100000,64.480000,67.100000,64.500000,66.780000,65.120000
28-Jul-2016,64.490000,64.480000,64.610000,66.250000,64.630000,64.480000,64.800000,64.990000,65.450000,64.480000,64.950000,64.480000,66.100000,64.480000,67.100000,64.500000,66.780000,65.120000
21-Jul-2016,64.490000,64.480000,64.610000,66.250000,64.630000,64.480000,64.800000,64.990000,65.450000,64.480000,64.950000,64.480000,66.100000,64.480000,67.100000,64.500000,66.780000,65.120000
14-Jul-2016,64.490000,64.480000,64.610000,66.250000,64.630000,64.480000,64.800000,64.990000,65.450000,64.480000,64.950000,64.480000,66.100000,64.480000,67.100000,64.500000,66.780000,65.120000
30-Jun-2016,64.490000,64.480000,64.610000,66.250000,64.630000,64.480000,64.800000,64.990000,65.450000,64.480000,64.950000,64.480000,66.100000,64.480000,67.100000,64.500000,66.780000,65.120000
23-Jun-2016,64.490000,64.480000,64.610000,66.250000,64.630000,64.480000,64.800000,64.990000,65.450000,64.480000,64.950000,64.480000,66.100000,64.480000,67.100000,64.500000,66.780000,65.120000
16-Jun-2016,64.490000,64.480000,64.610000,66.250000,64.630000,64.480000,64.800000,64.990000,65.450000,64.480000,64.950000,64.480000,66.100000,64.480000,67.100000,64.500000,66.780000,65.120000
09-Jun-2016,64.490000,64.480000,64.610000,66.250000,64.630000,64.480000,64.800000,64.990000,65.450000,64.480000,64.950000,64.480000,66.100000,64.480000,67.100000,64.500000,66.780000,65.120000
02-Jun-2016,64.490000,64.480000,64.610000,66.250000,64.630000,64.480000,64.800000,64.990000,65.450000,64.480000,64.950000,64.480000,66.100000,64.480000,67.100000,64.500000,66.780000,65.120000
27-May-2016,64.490000,64.480000,64.610000,66.250000,64.630000,64.480000,64.800000,64.990000,65.450000,64.480000,64.950000,64.480000,66.100000,64.480000,67.100000,64.500000,66.780000,65.120000
19-May-2016,64.490000,64.480000,64.610000,66.250000,64.630000,64.480000,64.800000,64.990000,65.450000,64.480000,64.950000,64.480000,66.100000,64.480000,67.100000,64.500000,66.780000,65.120000
12-May-2016,64.490000,64.480000,64.610000,66.250000,64.630000,64.480000,64.800000,64.990000,65.450000,64.480000,64.950000,64.480000,66.100000,64.480000,67.100000,64.500000,66.780000,65.120000
05-May-2016,64.490000,64.480000,64.610000,66.250000,64.630000,64.480000,64.800000,64.990000,65.450000,64.480000,64.950000,64.480000,66.100000,64.480000,67.100000,64.500000,66.780000,65.120000
28-Apr-2016,64.490000,64.480000,64.610000,66.250000,64.630000,64.480000,64.800000,64.990000,65.450000,64.480000,64.950000,64.480000,66.100000,64.480000,67.100000,64.500000,66.780000,65.120000
21-Apr-2016,64.490000,64.480000,64.610000,66.250000,64.630000,64.480000,64.800000,64.990000,65.450000,64.480000,64.950000,64.480000,66.100000,64.480000,67.100000,64.500000,66.780000,65.120000
14-Apr-2016,64.490000,64.480000,64.610000,66.250000,64.630000,64.480000,64.800000,64.990000,65.450000,64.480000,64.950000,64.480000,66.100000,64.480000,67.100000,64.500000,66.780000,65.120000
25-Feb-2016,71.470000,71.470000,71.600000,73.200000,71.610000,71.470000,73.140000,71.540000,72.800000,71.540000,72.100000,71.600000,72.900000,71.530000,74.100000,71.600000,71.600000,72.070000
18-Feb-2016,71.470000,71.470000,71.600000,73.200000,71.610000,71.470000,73.140000,71.540000,72.800000,71.540000,72.100000,71.600000,72.900000,71.530000,74.100000,71.600000,71.600000,72.070000
03-Dec-2015,76.550000,76.550000,76.700000,78.200000,76.610000,76.540000,78.140000,76.950000,77.800000,76.540000,77.200000,76.600000,77.900000,76.550000,79.900000,76.600000,76.600000,77.170000
26-Nov-2015,76.550000,76.550000,76.700000,78.200000,76.610000,76.540000,78.140000,76.950000,77.800000,76.540000,77.200000,76.600000,77.900000,76.550000,79.900000,76.600000,76.600000,77.170000
19-Nov-2015,76.550000,76.550000,76.700000,78.200000,76.610000,76.540000,78.140000,76.950000,77.800000,76.540000,77.200000,76.600000,77.900000,76.550000,79.900000,76.600000,76.600000,77.170000
12-Nov-2015,76.550000,76.550000,76.700000,78.200000,76.610000,76.540000,78.140000,76.950000,77.800000,76.540000,77.200000,76.600000,77.900000,76.550000,79.900000,76.600000,76.600000,77.170000
05-Nov-2015,76.550000,76.550000,76.700000,78.200000,76.610000,76.540000,78.140000,76.950000,77.800000,76.540000,77.200000,76.600000,77.900000,76.550000,79.900000,76.600000,76.600000,77.170000
29-Oct-2015,74.050000,74.040000,74.200000,75.500000,74.110000,74.200000,74.440000,74.100000,75.300000,74.040000,74.650000,74.100000,75.400000,74.030000,77.400000,74.140000,73.760000,74.560000
22-Oct-2015,74.050000,74.040000,74.200000,75.500000,74.110000,74.200000,74.440000,74.100000,75.300000,74.040000,74.650000,74.100000,75.400000,74.030000,77.400000,74.140000,73.760000,74.560000
15-Oct-2015,74.050000,74.040000,74.200000,75.500000,74.110000,74.200000,74.440000,74.100000,75.300000,74.040000,74.650000,74.100000,75.400000,74.030000,77.400000,74.140000,73.760000,74.560000
08-Oct-2015,74.050000,74.040000,74.200000,75.500000,74.110000,74.200000,74.440000,74.100000,75.300000,74.040000,74.650000,74.100000,75.400000,74.030000,77.400000,74.140000,73.760000,74.560000
01-Oct-2015,74.050000,74.040000,74.200000,75.500000,74.110000,74.200000,74.440000,74.100000,75.300000,74.040000,74.650000,74.100000,75.400000,74.030000,77.400000,74.140000,73.760000,74.560000
23-Sep-2015,74.050000,74.040000,74.200000,75.500000,74.110000,74.200000,74.440000,74.100000,75.300000,74.040000,74.650000,74.100000,75.400000,74.030000,77.400000,74.140000,73.760000,74.560000
17-Sep-2015,74.050000,74.040000,74.200000,75.500000,74.110000,74.200000,74.440000,74.100000,75.300000,74.040000,74.650000,74.100000,75.400000,74.030000,77.400000,74.140000,73.760000,74.560000
10-Sep-2015,74.050000,74.040000,74.200000,75.500000,74.110000,74.200000,74.440000,74.100000,75.300000,74.040000,74.650000,74.100000,75.400000,74.030000,77.400000,74.140000,73.760000,74.560000
03-Sep-2015,74.050000,74.040000,74.200000,75.500000,74.110000,74.200000,74.440000,74.100000,75.300000,74.040000,74.650000,74.100000,75.400000,74.030000,77.400000,74.140000,73.760000,74.560000
27-Aug-2015,77.040000,77.030000,77.200000,78,77.110000,77.040000,77.470000,77.950000,78.200000,77.040000,77.510000,77.100000,78.400000,77.030000,80.400000,77.070000,77.070000,77.570000
20-Aug-2015,77.040000,77.030000,77.200000,78,77.110000,77.040000,77.470000,77.950000,78.200000,77.040000,77.510000,77.100000,78.400000,77.030000,80.400000,77.070000,77.070000,77.570000
13-Aug-2015,77.040000,77.030000,77.200000,78,77.110000,77.040000,77.470000,77.950000,78.200000,77.040000,77.510000,77.100000,78.400000,77.030000,80.400000,77.070000,77.070000,77.570000
06-Aug-2015,77.040000,77.030000,77.200000,78,77.110000,77.040000,77.470000,77.950000,78.200000,77.040000,77.510000,77.100000,78.400000,77.030000,80.400000,77.070000,77.070000,77.570000
30-Jul-2015,78.060000,78.060000,78.200000,78.300000,78.140000,78.200000,78.460000,78.950000,78.650000,78.060000,78.600000,78.100000,79.400000,78.060000,81.200000,78.100000,78.100000,78.510000
23-Jul-2015,78.060000,78.060000,78.200000,78.300000,78.140000,78.200000,78.460000,78.950000,78.650000,78.060000,78.600000,78.100000,79.400000,78.060000,81.200000,78.100000,78.100000,78.510000
16-Jul-2015,78.060000,78.060000,78.200000,78.300000,78.140000,78.200000,78.460000,78.950000,78.650000,78.060000,78.600000,78.100000,79.400000,78.060000,81.200000,78.100000,78.100000,78.510000
09-Jul-2015,78.060000,78.060000,78.200000,78.300000,78.140000,78.200000,78.460000,78.950000,78.650000,78.060000,78.600000,78.100000,79.400000,78.060000,81.200000,78.100000,78.100000,78.510000
02-Jul-2015,78.060000,78.060000,78.200000,78.300000,78.140000,78.200000,78.460000,78.950000,78.650000,78.060000,78.600000,78.100000,79.400000,78.060000,81.200000,78.100000,78.100000,78.510000
25-Jun-2015,78.060000,78.060000,78.200000,78.300000,78.140000,78.200000,78.460000,78.950000,78.650000,78.060000,78.600000,78.100000,79.400000,78.060000,81.200000,78.100000,78.100000,78.510000
18-Jun-2015,78.060000,78.060000,78.200000,78.300000,78.140000,78.200000,78.460000,78.950000,78.650000,78.060000,78.600000,78.100000,79.400000,78.060000,81.200000,78.100000,78.100000,78.510000
11-Jun-2015,78.060000,78.060000,78.200000,78.300000,78.140000,78.200000,78.460000,78.950000,78.650000,78.060000,78.600000,78.100000,79.400000,78.060000,81.200000,78.100000,78.100000,78.510000
04-Jun-2015,78.060000,78.060000,78.200000,78.300000,78.140000,78.200000,78.460000,78.950000,78.650000,78.060000,78.600000,78.100000,79.400000,78.060000,81.200000,78.100000,78.100000,78.510000
28-May-2015,74.550000,74.550000,74.700000,75.800000,74.640000,74.700000,76.170000,74.600000,74.900000,74.550000,75.100000,74.800000,75.800000,74.580000,77.900000,74.600000,74.600000,75.090000
21-May-2015,74.550000,74.550000,74.700000,75.800000,74.640000,74.700000,76.170000,74.600000,74.900000,74.550000,75.100000,74.800000,75.800000,74.580000,77.900000,74.600000,74.600000,75.090000
14-May-2015,74.550000,74.550000,74.700000,75.800000,74.640000,74.700000,76.170000,74.600000,74.900000,74.550000,75.100000,74.800000,75.800000,74.580000,77.900000,74.600000,74.600000,75.090000
07-May-2015,74.550000,74.550000,74.700000,75.800000,74.640000,74.700000,76.170000,74.600000,74.900000,74.550000,75.100000,74.800000,75.800000,74.580000,77.900000,74.600000,74.600000,75.090000
30-Apr-2015,74.550000,74.550000,74.700000,75.800000,74.640000,74.700000,76.170000,74.600000,74.900000,74.550000,75.100000,74.800000,75.800000,74.580000,77.900000,74.600000,74.600000,75.090000
23-Apr-2015,74.550000,74.550000,74.700000,75.800000,74.640000,74.700000,76.170000,74.600000,74.900000,74.550000,75.100000,74.800000,75.800000,74.580000,77.900000,74.600000,74.600000,75.090000
16-Apr-2015,74.550000,74.550000,74.700000,75.800000,74.640000,74.700000,76.170000,74.600000,74.900000,74.550000,75.100000,74.800000,75.800000,74.580000,77.900000,74.600000,74.600000,75.090000
09-Apr-2015,74.550000,74.550000,74.700000,75.800000,74.640000,74.700000,76.170000,74.600000,74.900000,74.550000,75.100000,74.800000,75.800000,74.580000,77.900000,74.600000,74.600000,75.090000
02-Apr-2015,74.550000,74.550000,74.700000,75.800000,74.640000,74.700000,76.170000,74.600000,74.900000,74.550000,75.100000,74.800000,75.800000,74.580000,77.900000,74.600000,74.600000,75.090000
26-Mar-2015,70.580000,70.590000,70.700000,71.700000,70.670000,70.700000,72.170000,71.500000,71.500000,70.600000,71.180000,70.600000,72,70.600000,74.300000,70.600000,70.600000,71.210000
19-Mar-2015,70.580000,70.590000,70.700000,71.700000,70.670000,70.700000,72.170000,71.500000,71.500000,70.600000,71.180000,70.600000,72,70.600000,74.300000,70.600000,70.600000,71.210000
12-Mar-2015,70.580000,70.590000,70.700000,71.700000,70.670000,70.700000,72.170000,71.500000,71.500000,70.600000,71.180000,70.600000,72,70.600000,74.300000,70.600000,70.600000,71.210000
05-Mar-2015,70.580000,70.590000,70.700000,71.700000,70.670000,70.700000,72.170000,71.500000,71.500000,70.600000,71.180000,70.600000,72,70.600000,74.300000,70.600000,70.600000,71.210000
26-Feb-2015,70.580000,70.590000,70.700000,71.700000,70.670000,70.700000,72.170000,71.500000,71.500000,70.600000,71.180000,70.600000,72,70.600000,74.300000,70.600000,70.600000,71.210000
19-Feb-2015,70.580000,70.590000,70.700000,71.700000,70.670000,70.700000,72.170000,71.500000,71.500000,70.600000,71.180000,70.600000,72,70.600000,74.300000,70.600000,70.600000,71.210000
12-Feb-2015,70.580000,70.590000,70.700000,71.700000,70.670000,70.700000,72.170000,71.500000,71.500000,70.600000,71.180000,70.600000,72,70.600000,74.300000,70.600000,70.600000,71.210000
04-Feb-2015,70.580000,70.590000,70.700000,71.700000,70.670000,70.700000,72.170000,71.500000,71.500000,70.600000,71.180000,70.600000,72,70.600000,74.300000,70.600000,70.600000,71.210000
29-Jan-2015,78.590000,78.610000,78.700000,79.250000,78.660000,78.700000,80.160000,78.700000,79.100000,78.580000,79.200000,78.600000,79.100000,78.660000,82.400000,78.600000,78.600000,79.070000
22-Jan-2015,78.590000,78.610000,78.700000,79.250000,78.660000,78.700000,80.160000,78.700000,79.100000,78.580000,79.200000,78.600000,79.100000,78.660000,82.400000,78.600000,78.600000,79.070000
15-Jan-2015,78.590000,78.610000,78.700000,79.250000,78.660000,78.700000,80.160000,78.700000,79.100000,78.580000,79.200000,78.600000,79.100000,78.660000,82.400000,78.600000,78.600000,79.070000
08-Jan-2015,78.590000,78.610000,78.700000,79.250000,78.660000,78.700000,80.160000,78.700000,79.100000,78.580000,79.200000,78.600000,79.100000,78.660000,82.400000,78.600000,78.600000,79.070000
01-Jan-2015,78.590000,78.610000,78.700000,79.250000,78.660000,78.700000,80.160000,78.700000,79.100000,78.580000,79.200000,78.600000,79.100000,78.660000,82.400000,78.600000,78.600000,79.070000
16-Oct-2014,103.900000,103.950000,104.100000,105.500000,104,104.100000,105.900000,105.600000,106.600000,103.900000,104.600000,104,107.100000,103.900000,107.700000,105,105,104.990000
09-Oct-2014,103.900000,103.950000,104.100000,105.500000,104,104.100000,105.900000,105.600000,106.600000,103.900000,104.600000,104,107.100000,103.900000,107.700000,105,105,104.990000
02-Oct-2014,103.900000,103.950000,104.100000,105.500000,104,104.100000,105.900000,105.600000,106.600000,103.900000,104.600000,104,107.100000,103.900000,107.700000,105,105,104.990000
25-Sep-2014,106.950000,106.950000,106.560000,106.560000,106.950000,106.900000,108.800000,108.200000,109.500000,106.900000,107.600000,106.900000,109.600000,106.900000,110.600000,107.900000,113.600000,108.080000
18-Sep-2014,106.950000,106.950000,106.560000,106.560000,106.950000,106.900000,108.800000,108.200000,109.500000,106.900000,107.600000,106.900000,109.600000,106.900000,110.600000,107.900000,113.600000,108.080000
11-Sep-2014,106.950000,106.950000,106.560000,106.560000,106.950000,106.900000,108.800000,108.200000,109.500000,106.900000,107.600000,106.900000,109.600000,106.900000,110.600000,107.900000,113.600000,108.080000
04-Sep-2014,106.950000,106.950000,106.560000,106.560000,106.950000,106.900000,108.800000,108.200000,109.500000,106.900000,107.600000,108.500000,109.600000,106.900000,110.600000,107.900000,113.600000,108.170000
28-Aug-2014,108.350000,108.350000,108.400000,108.400000,108.360000,108.400000,110.200000,109.600000,110.900000,108.300000,108.900000,108.500000,110.900000,108.400000,112,109.300000,113.600000,109.460000
21-Aug-2014,108.350000,108.350000,108.400000,108.400000,108.360000,108.400000,110.200000,109.600000,110.900000,108.300000,108.900000,108.500000,110.900000,108.400000,112,109.300000,113.600000,109.460000
14-Aug-2014,108.350000,108.350000,108.400000,108.400000,108.360000,108.400000,110.200000,109.600000,110.900000,108.300000,108.900000,108.500000,110.900000,108.400000,112,109.300000,113.600000,109.460000
07-Aug-2014,108.350000,108.350000,108.400000,108.400000,108.360000,108.400000,110.200000,109.600000,110.900000,108.300000,108.900000,108.500000,110.900000,108.400000,112,109.300000,113.600000,109.460000
28-Jul-2014,108.350000,108.350000,108.400000,108.400000,108.360000,108.400000,110.200000,109.600000,110.900000,108.300000,108.900000,108.500000,110.900000,108.400000,112,109.300000,113.600000,109.460000
24-Jul-2014,108.350000,108.350000,108.400000,108.400000,108.360000,108.400000,110.200000,109.600000,110.900000,108.300000,108.900000,108.500000,110.900000,108.400000,112,109.300000,113.600000,109.460000
17-Jul-2014,108.350000,108.350000,108.400000,108.400000,108.360000,108.400000,110.200000,109.600000,110.900000,108.300000,108.900000,108.500000,110.900000,108.400000,112,109.300000,113.600000,109.460000
30-Apr-2014,108.700000,108.650000,108.800000,109.900000,108.700000,108.700000,110.500000,109.900000,111.200000,108.700000,109.300000,108.800000,111.200000,108.700000,112.400000,109.600000,113.900000,109.860000
24-Apr-2014,108.700000,108.650000,108.800000,109.900000,108.700000,108.700000,110.500000,109.900000,111.200000,108.700000,109.300000,108.800000,111.200000,108.700000,112.400000,109.600000,113.900000,109.860000
17-Apr-2014,108.700000,108.650000,108.800000,109.900000,108.700000,108.700000,110.500000,109.900000,111.200000,108.700000,109.300000,108.800000,111.200000,108.700000,112.400000,109.600000,113.900000,109.860000
10-Apr-2014,108.700000,108.650000,108.800000,109.900000,108.700000,108.700000,110.500000,109.900000,111.200000,108.700000,109.300000,108.800000,111.200000,108.700000,112.400000,109.600000,113.900000,109.860000
04-Apr-2014,108.700000,108.650000,108.800000,109.900000,108.700000,108.700000,110.500000,109.900000,111.200000,108.700000,109.300000,108.800000,111.200000,108.700000,112.400000,109.600000,113.900000,109.860000
27-Mar-2014,110.400000,110.400000,110.500000,111.500000,110.420000,110.400000,112.200000,111.600000,112.900000,110.400000,111.200000,110.500000,112.900000,110.400000,114.100000,111.300000,115.600000,111.570000
20-Mar-2014,110.400000,110.400000,110.500000,111.500000,110.420000,110.400000,112.200000,111.600000,112.900000,110.400000,111.200000,110.500000,112.900000,110.400000,114.100000,111.300000,115.600000,111.570000
13-Mar-2014,110.400000,110.400000,110.500000,111.500000,110.420000,110.400000,112.200000,111.600000,112.900000,110.400000,111.200000,110.500000,112.900000,110.400000,114.100000,111.300000,115.600000,111.570000
06-Mar-2014,110.400000,110.400000,110.500000,111.500000,110.420000,110.400000,112.200000,111.600000,112.900000,110.400000,111.200000,110.500000,112.900000,110.400000,114.100000,111.300000,115.600000,111.570000
27-Feb-2014,113.050000,113.100000,113.200000,114,113.130000,113.450000,113.300000,114.900000,113.600000,113.100000,113.900000,113.200000,115.400000,113.100000,117.600000,113.200000,118.300000,114.090000
20-Feb-2014,113.050000,113.100000,113.200000,114,113.130000,113.450000,113.300000,114.900000,113.600000,113.100000,113.900000,113.200000,115.400000,113.100000,117.600000,113.200000,118.300000,114.090000
13-Feb-2014,113.050000,113.100000,113.200000,114,113.130000,113.450000,113.300000,114.900000,113.600000,113.100000,113.900000,113.200000,115.400000,113.100000,117.600000,113.200000,118.300000,114.090000
06-Feb-2014,113.050000,113.100000,113.200000,114,113.130000,113.450000,113.300000,114.900000,113.600000,113.100000,113.900000,113.200000,115.400000,113.100000,117.600000,113.200000,118.300000,114.090000
30-Jan-2014,113.050000,113.100000,113.200000,114,113.130000,113.450000,113.300000,114.900000,113.600000,113.100000,113.900000,113.200000,115.400000,113.100000,117.600000,113.200000,118.300000,114.090000
23-Jan-2014,113.050000,113.100000,113.200000,114,113.130000,113.450000,113.300000,114.900000,113.600000,113.100000,113.900000,113.200000,115.400000,113.100000,117.600000,113.200000,118.300000,114.090000
16-Jan-2014,113.050000,113.100000,113.200000,114,113.130000,113.450000,113.300000,114.900000,113.600000,113.100000,113.900000,113.200000,115.400000,113.100000,117.600000,113.200000,118.300000,114.090000
09-Jan-2014,113.050000,113.100000,113.200000,114,113.130000,113.450000,113.300000,114.900000,113.600000,113.100000,113.900000,113.200000,115.400000,113.100000,117.600000,113.200000,118.300000,114.090000
02-Jan-2014,113.050000,113.100000,113.200000,114,113.130000,113.450000,113.300000,114.900000,113.600000,113.100000,113.900000,113.200000,115.400000,113.100000,117.600000,113.200000,118.300000,114.090000
26-Dec-2013,113.050000,113.100000,113.200000,114,113.130000,113.450000,113.300000,114.900000,113.600000,113.100000,113.900000,113.200000,115.400000,113.100000,117.600000,113.200000,118.300000,114.090000
19-Dec-2013,113.050000,113.100000,113.200000,114,113.130000,113.450000,113.300000,114.900000,113.600000,113.100000,113.900000,113.200000,115.400000,113.100000,117.600000,113.200000,118.300000,114.090000
12-Dec-2013,113.050000,113.100000,113.200000,114,113.130000,113.450000,113.300000,114.900000,113.600000,113.100000,113.900000,113.200000,115.400000,113.100000,117.600000,113.200000,118.300000,114.090000
28-Nov-2013,113.050000,113.100000,113.200000,114,113.130000,113.450000,113.300000,114.900000,113.600000,113.100000,113.900000,113.200000,115.400000,113.100000,117.600000,113.200000,118.300000,114.090000
21-Nov-2013,113.050000,113.100000,113.200000,114,113.130000,113.450000,113.300000,114.900000,113.600000,113.100000,113.900000,113.200000,115.400000,113.100000,117.600000,113.200000,118.300000,114.090000
13-Nov-2013,113.050000,113.100000,113.200000,114,113.130000,113.450000,113.300000,114.900000,113.600000,113.100000,113.900000,113.200000,115.400000,113.100000,117.600000,113.200000,118.300000,114.090000
07-Nov-2013,113.050000,113.100000,113.200000,114,113.130000,113.450000,113.300000,114.900000,113.600000,113.100000,113.900000,113.200000,115.400000,113.100000,117.600000,113.200000,118.300000,114.090000
31-Oct-2013,113.530000,113.550000,113.700000,116.310000,113.610000,113.700000,116.300000,115.400000,116.350000,113.600000,114.400000,113.700000,115.900000,113.600000,118.100000,114.820000,118.800000,115.020000
24-Oct-2013,113.530000,113.550000,113.700000,116.310000,113.610000,113.700000,116.300000,115.400000,116.350000,113.600000,114.400000,113.700000,115.900000,113.600000,118.100000,114.820000,118.800000,115.020000
14-Oct-2013,113.530000,113.550000,113.700000,116.310000,113.610000,113.700000,116.300000,115.400000,116.350000,113.600000,114.400000,113.700000,115.900000,113.600000,118.100000,114.820000,118.800000,115.020000
10-Oct-2013,113.530000,113.550000,113.700000,116.310000,113.610000,113.700000,116.300000,115.400000,116.350000,113.600000,114.400000,113.700000,115.900000,113.600000,118.100000,114.820000,118.800000,115.020000
03-Oct-2013,113.530000,113.550000,113.700000,116.310000,113.610000,113.700000,116.300000,115.400000,116.350000,113.600000,114.400000,113.700000,115.900000,113.600000,118.100000,114.820000,118.800000,115.020000
26-Sep-2013,109.400000,109.400000,109.600000,111.600000,109.490000,109.700000,112.200000,111.200000,112.250000,109.500000,110.300000,109.600000,111.900000,109.500000,114,110.700000,114.700000,110.880000
19-Sep-2013,109.400000,109.400000,109.600000,111.600000,109.490000,109.700000,112.200000,111.200000,112.250000,109.500000,110.300000,109.600000,111.900000,109.500000,114,110.700000,114.700000,110.880000
15-Aug-2013,104.800000,104.800000,104.900000,106.900000,104.850000,105,107.930000,106.500000,107.550000,104.900000,105.600000,105,107.300000,104.800000,109.300000,105.800000,103.100000,105.830000
07-Aug-2013,104.800000,104.800000,104.900000,106.900000,104.850000,105,107.930000,106.500000,107.550000,104.900000,105.600000,105,107.300000,104.800000,109.300000,105.800000,103.100000,105.830000
25-Jul-2013,102.500000,102.100000,103.100000,104.200000,102.120000,103.200000,105.200000,103.400000,105.700000,102.100000,102.700000,103.100000,104.600000,102.100000,106.600000,103,103,103.450000
18-Jul-2013,102.500000,102.100000,103.100000,104.200000,102.120000,103.200000,105.200000,103.400000,105.700000,102.100000,102.700000,103.100000,104.600000,102.100000,106.600000,103,103,103.450000
11-Jul-2013,102.500000,102.100000,103.100000,104.200000,102.120000,103.200000,105.200000,103.400000,105.700000,102.100000,102.700000,103.100000,104.600000,102.100000,106.600000,103,103,103.450000
04-Jul-2013,102.500000,102.100000,103.100000,104.200000,102.120000,103.200000,105.200000,103.400000,105.700000,102.100000,102.700000,103.100000,104.600000,102.100000,106.600000,103,103,103.450000
27-Jun-2013,100.100000,100.100000,100.200000,103.100000,100.120000,100.200000,102.080000,100.900000,102.750000,100.100000,100.700000,102,101.600000,100.100000,103.700000,103.100000,100.100000,101.230000
20-Jun-2013,100.900000,100.900000,102.800000,103.900000,101,101.200000,102.950000,103.300000,103.700000,101.100000,103.300000,102.800000,104.300000,101,104.300000,103.300000,103.300000,102.590000
13-Jun-2013,100.100000,100.100000,100.200000,102.400000,100.120000,100.200000,102.080000,100.900000,102.700000,100.100000,100.700000,100.280000,101.600000,100.100000,103.700000,100.040000,100.040000,100.900000
06-Jun-2013,100.100000,100.100000,100.200000,102.400000,100.120000,100.200000,102.080000,100.900000,102.700000,100.100000,100.700000,100.280000,101.600000,100.100000,103.700000,100.040000,100.040000,100.900000
30-May-2013,97.890000,97.890000,98,100.200000,97.940000,98,99.900000,98.700000,100.500000,97.900000,98.600000,98.100000,100.100000,97.900000,101.500000,97.900000,97.900000,98.760000
23-May-2013,97.890000,97.890000,98,100.200000,97.940000,98,99.900000,98.700000,100.500000,97.900000,98.600000,98.100000,100.100000,97.900000,101.500000,97.900000,97.900000,98.760000
16-May-2013,97.890000,97.890000,98,100.200000,97.940000,98,99.900000,98.700000,100.500000,97.900000,98.600000,98.100000,100.100000,97.900000,101.500000,97.900000,97.900000,98.760000
09-May-2013,97.890000,97.890000,98,100.200000,97.940000,98,99.900000,98.700000,100.500000,97.900000,98.600000,98.100000,100.100000,97.900000,101.500000,97.900000,97.900000,98.760000
02-May-2013,97.890000,97.890000,98,100.200000,97.940000,98,99.900000,98.700000,100.500000,97.900000,98.600000,98.100000,100.100000,97.900000,101.500000,97.900000,97.900000,98.760000
25-Apr-2013,102.600000,102.600000,102.900000,104.800000,102.650000,102.700000,105.400000,103.300000,105.200000,102.600000,103.700000,102.800000,104.100000,102.700000,106.200000,102.600000,103.800000,103.570000
18-Apr-2013,102.600000,102.600000,102.900000,104.800000,102.650000,102.700000,105.400000,103.300000,105.200000,102.600000,103.700000,102.800000,104.100000,102.700000,106.200000,102.600000,103.800000,103.570000
11-Apr-2013,102.600000,102.600000,102.900000,104.800000,102.650000,102.700000,105.400000,103.300000,105.200000,102.600000,103.700000,102.800000,104.100000,102.700000,106.200000,102.600000,103.800000,103.570000
04-Apr-2013,102.600000,102.600000,102.900000,104.800000,102.650000,102.700000,105.400000,103.300000,105.200000,102.600000,103.700000,102.800000,104.100000,102.700000,106.200000,102.600000,103.800000,103.570000
28-Mar-2013,103.400000,103.400000,103.600000,105.600000,103.420000,103.500000,105.400000,103.450000,106,103.400000,104.700000,103.500000,104.800000,103.500000,107,103.400000,104.450000,104.270000
21-Mar-2013,103.400000,103.400000,103.600000,105.600000,103.420000,103.500000,105.400000,103.450000,106,103.400000,104.700000,103.500000,104.800000,103.500000,107,103.400000,104.450000,104.270000
14-Mar-2013,103.400000,103.400000,103.600000,105.600000,103.420000,103.500000,105.400000,103.450000,106,103.400000,104.700000,103.500000,104.800000,103.500000,107,103.400000,104.450000,104.270000
07-Mar-2013,103.400000,103.400000,103.600000,105.600000,103.420000,103.500000,105.400000,103.450000,106,103.400000,104.700000,103.500000,104.800000,103.500000,107,103.400000,104.450000,104.270000
21-Feb-2013,103.400000,103.400000,103.600000,105.600000,103.420000,103.500000,105.400000,103.450000,106,103.400000,104.700000,103.500000,104.800000,103.500000,107,103.400000,104.450000,104.270000
14-Feb-2013,103.400000,103.400000,103.600000,105.600000,103.420000,103.500000,105.400000,103.450000,106,103.400000,104.700000,103.500000,104.800000,103.500000,107,103.400000,104.450000,104.270000
07-Feb-2013,103.400000,103.400000,103.600000,105.600000,103.420000,103.500000,105.400000,103.450000,106,103.400000,104.700000,103.500000,104.800000,103.500000,107,103.400000,104.450000,104.270000
31-Jan-2013,103.400000,103.400000,103.600000,105.600000,103.420000,103.500000,105.400000,103.450000,106,103.400000,104.700000,103.500000,104.800000,103.500000,107,103.400000,104.450000,104.270000
24-Jan-2013,103.400000,103.400000,103.600000,105.600000,103.420000,103.500000,105.400000,103.450000,106,103.400000,104.700000,103.500000,104.800000,103.500000,107,103.400000,104.450000,104.270000
17-Jan-2013,101.750000,101.750000,101.900000,103.900000,101.770000,101.900000,103.700000,101.800000,104.300000,101.700000,102.900000,101.900000,103.100000,101.800000,105.300000,102.800000,103.800000,102.710000
10-Jan-2013,101.750000,101.750000,101.900000,103.900000,101.770000,101.900000,103.700000,101.800000,104.300000,101.700000,102.900000,101.900000,103.100000,101.800000,105.300000,102.800000,103.800000,102.710000
03-Jan-2013,101.750000,101.750000,101.900000,103.900000,101.770000,101.900000,103.700000,101.800000,104.300000,101.700000,102.900000,101.900000,103.100000,101.800000,105.300000,102.800000,103.800000,102.710000
